ACAB0010,ACCOUNT GROUP,10,VIE,VIETNAM ACCOUNT,VIETNAM ACCOUNT,N,1,,,3,
ACAB0010,ACCOUNT GROUP,20,KOR,KOREA ACCOUNT,KOREA ACCOUNT,N,0,,,1,
ACAB0010,ACCOUNT GROUP,30,MYA,MYANMAR ACCOUNT,MYANMAR ACCOUNT,N,0,,,2,
ACAB0020,ACCCOUNT CODE TYPE,1,1,LEVEL 1,LEVEL 1,N,1,,,,
ACAB0020,ACCCOUNT CODE TYPE,1,2,LEVEL 2,LEVEL 2,N,1,,,,
ACAB0020,ACCCOUNT CODE TYPE,1,3,LEVEL 3,LEVEL 3,N,1,,,,
ACAB0020,ACCCOUNT CODE TYPE,1,4,LEVEL 4,LEVEL 4,N,1,,,,
ACAB0020,ACCCOUNT CODE TYPE,1,5,LEVEL 5,LEVEL 5,N,1,,,,
ACAB0030,TYPE OF DEBIT CREDIT,1,C,CREDIT,CREDIT,N,1,,,,
ACAB0030,TYPE OF DEBIT CREDIT,1,A,COMMON CREDIT/DEBIT,COMMON CREDIT/DEBIT,N,1,,,,
ACAB0030,TYPE OF DEBIT CREDIT,1,D,DEBIT,DEBIT,N,1,,,,
ACAB0040,VOUCHER EVENT,1,GS,GENERAL SLIP,GENERAL SLIP,N,1,,,1,
ACAB0040,VOUCHER EVENT,2,BS,BATCH SLIP,BATCH SLIP,N,1,,,2,
ACAB0040,VOUCHER EVENT,3,CS,CLOSING SLIP,CLOSING SLIP,N,1,,,3,
ACAB0040,VOUCHER EVENT,4,EX,EXPENDITURE,EXPENDITURE,N,0,,,4,
ACAB0040,VOUCHER EVENT,5,AS,AUTO SLIP,AUTO SLIP,N,1,,,5,
ACAB0050,INPUT TYPE,0,C,ITEM DETAIL,,N,1,,,,
ACAB0050,INPUT TYPE,1,M,MANUAL,,N,1,,,,
ACAB0050,INPUT TYPE,1,T,TABLE,,N,1,,,,
ACAB0060,VOUCHER TYPE,1,G,GENERAL SLIP,GENERAL SLIP,N,1,,,1,
ACAB0060,VOUCHER TYPE,1,R,REVERSE SLIP,REVERSE SLIP,N,1,,,,
ACAB0060,VOUCHER TYPE,2,M,MINUS SLIP,MINUS SLIP,N,1,,,2,
ACAB0070,TRANSACTION GROUP,10,A,ASSET,ASSET,N,1,,,,
ACAB0070,TRANSACTION GROUP,20,B,PURCHASING,PURCHASING,N,1,,,,
ACAB0070,TRANSACTION GROUP,30,C,COSTING,COSTING,N,1,,,,
ACAB0070,TRANSACTION GROUP,40,D,TAX,TAX,N,1,,,,
ACAB0070,TRANSACTION GROUP,50,F,FINANCE,FINANCE,N,1,,,,
ACAB0070,TRANSACTION GROUP,60,G,ACCOUNTING,ACCOUNTING,N,1,,,,
ACAB0070,TRANSACTION GROUP,70,H,PERSONNEL,PERSONNEL,N,1,,,,
ACAB0070,TRANSACTION GROUP,80,I,INVENTORY,INVENTORY,N,1,,,,
ACAB0070,TRANSACTION GROUP,90,L,CLOSING,CLOSING,N,1,,,,
ACAB0070,TRANSACTION GROUP,100,P,PRODUCTION,PRODUCTION,N,1,,0,,
ACAB0070,TRANSACTION GROUP,110,S,SALES & DISTRIBUTION,SALES & DISTRIBUTION,N,1,,0,,
ACAB0070,TRANSACTION GROUP,120,T,TRADE,TRADE,N,1,,,,
ACAB0070,TRANSACTION GROUP,130,U,GEN ADMIN,GEN ADMIN,N,1,,,,
ACAB0070,TRANSACTION GROUP,140,W,CASH,CASH,N,1,,,,
ACAB0070,TRANSACTION GROUP,150,Y,SYSTEM,SYSTEM,N,1,,,,
ACAB0080,ACCOUNT CODE CODE/GROUP TYPE,1,0,CODE,CODE,N,1,,,,
ACAB0080,ACCOUNT CODE CODE/GROUP TYPE,1,1,GROUP,GROUP,N,1,,,,
ACAB0090,BUDGET TYPE,10,L,LOGIN BUDGET,LOGIN BUDGET,Y,1,,,,
ACAB0090,BUDGET TYPE,20,I,INPUT BUDGET,INPUT BUDGET,N,1,,,,
ACAB0100,ACCOUNT CODE TYPE,1,G,GENERAL LEDGER,GENERAL LEDGER,N,1,,,,
ACAB0100,ACCOUNT CODE TYPE,1,M,MANAGERIAL CODE,MANAGERIAL CODE,N,1,,,,
ACAB0110,CURRENCY,0,KSD,MYANMAR CHART,MYANMAR CHART,N,0,,,4,
ACAB0110,CURRENCY,1,DEM,GERMAN MARKS,GERMAN MARKS,N,0,,,,
ACAB0110,CURRENCY,1,FRF,FRENCH FRAN,FRENCH FRAN,N,0,,,,
ACAB0110,CURRENCY,10,GBP,ENGLISH POUND,ENGLISH POUND,N,0,￡,,6,
ACAB0110,CURRENCY,10,USD,US DOLLAR,US DOLLAR,N,1,$,,2,
ACAB0110,CURRENCY,10,HKD,HONG KONG DOLLAR,HONG KONG DOLLAR,N,0,,,8,
ACAB0110,CURRENCY,10,JPY,JAPANESE YEN,JAPANESE YEN,N,0,￥,,7,
ACAB0110,CURRENCY,20,VND,VIETNAMESE DONG,VETNAMESE DONG,Y,1,,,1,
ACAB0110,CURRENCY,30,EUR,EURO,EURO,N,1,,,3,
ACAB0110,CURRENCY,40,KRW,KOREAN WON,KOREAN WON,N,1,\,,4,
ACAB0120,PL GROUP 1,1,KOR,KOREA,KOREA,N,1,,,2,
ACAB0120,PL GROUP 1,1,VIE,VIETNAM,VIETNAM,N,1,,,1,
ACAB0120,PL GROUP 1,1,MYA,MYANMAR,MYANMAR,N,1,,,3,
ACAB0130,PL GROUP 2,10,01,01,01,N,1,,,,
ACAB0140,PL GROUP 3,10,01,01,01,N,1,,,,
ACAB0150,PL CENTER CLASSIFICATION,1,01,BIZ DIVISION,BIZ DIVISION,N,1,,,,
ACAB0150,PL CENTER CLASSIFICATION,1,02,COMPANY,COMPANY,N,1,,,,
ACAB0150,PL CENTER CLASSIFICATION,1,03,BIZ LOCATION,BIZ LOCATION,N,1,,,,
ACAB0150,PL CENTER CLASSIFICATION,1,05,COMPANY GROUP,COMPANY GROUP,N,1,,,,
ACAB0150,PL CENTER CLASSIFICATION,1,07,USER PL GROUP2,USER PL GROUP2,N,1,,,,
ACAB0150,PL CENTER CLASSIFICATION,1,09,USER DEFINED,USER DEFINED,N,1,,,,
ACAB0150,PL CENTER CLASSIFICATION,1,08,USER PL GROUP3,USER PL GROUP3,N,1,,,,
ACAB0150,PL CENTER CLASSIFICATION,1,06,USER PL GROUP1,USER PL GROUP1,N,1,,,,
ACAB0150,PL CENTER CLASSIFICATION,1,04,NATION,NATION,N,1,,,,
ACAB0160,ACCOUNT PL TYPE,10,BA,BUDGET ALLOCATION,BUDGET ALLOCATION,N,1,,,,
ACAB0160,ACCOUNT PL TYPE,20,IT,ITEM ALLOCATION,ITEM ALLOCATION,N,1,,,,
ACAB0160,ACCOUNT PL TYPE,30,PL,USER INSERT PLUNIT,USER INSERT PLUNIT,N,1,,,,
ACAB0160,ACCOUNT PL TYPE,40,AC,ACCOUNT CODE,ACCOUNT CODE,Y,1,,,,
ACAB0180,CONTROL ITEM TYPE,10,SRN,SERI NO,SERI NO,N,1,,,,
ACAB0180,CONTROL ITEM TYPE,20,IVT,INVOICE TYPE,INVOICE TYPE,N,1,,,,
ACAB0180,CONTROL ITEM TYPE,30,NET,NET AMOUNT,NET AMOUNT,N,1,,,,
ACAB0180,CONTROL ITEM TYPE,40,TXC,TAX CODE,TAX CODE,N,1,,,,
ACAB0180,CONTROL ITEM TYPE,50,VEN,VENDOR NAME,VENDOR NAME,N,1,,,,
ACAB0180,CONTROL ITEM TYPE,60,IVD,INVOICE DATE,INVOICE DATE,N,1,,,,
ACAB0180,CONTROL ITEM TYPE,70,IVN,INVOICE NO,INVOICE NO,N,1,,,,
ACAB0180,CONTROL ITEM TYPE,80,TXR,TAX RATE,TAX RATE,N,1,,,,
ACAB0180,CONTROL ITEM TYPE,90,PYN,PAYMENT NO,PAYMENT NO,N,1,,,,
ACAB0180,CONTROL ITEM TYPE,100,QTU,QUANTITY UNIT,QUANTITY UNIT,N,1,,,,
ACAB0180,CONTROL ITEM TYPE,110,QTY,QUANTITY,QUANTITY,N,1,,,,
ACAB0180,CONTROL ITEM TYPE,120,PID,PRODUCT ID,PRODUCT ID,N,1,,,,
ACAB0180,CONTROL ITEM TYPE,130,PYD,PAYMENT DATE,PAYMENT DATE,N,1,,,,
ACAB0180,CONTROL ITEM TYPE,140,DUD,DUE DATE,DUE DATE,N,1,,,,
ACAB0180,CONTROL ITEM TYPE,150,DPN,DEPOSIT ACCOUNT NO,DEPOSIT ACCOUNT NO,N,1,,,,
ACAB0180,CONTROL ITEM TYPE,160,CTR,COUNTRY,COUNTRY,N,1,,,,
ACAB0180,CONTROL ITEM TYPE,170,RED,RECEIPT DATE,RECEIPT DATE,N,1,,,,
ACAB0180,CONTROL ITEM TYPE,180,COD,COMMERCIAL INVOICE DATE,COMMERCIAL INVOICE DATE,N,1,,,,
ACAB0180,CONTROL ITEM TYPE,190,CON,COMMERCIAL INVOICE NO,COMMERCIAL INVOICE NO,N,1,,,,
ACAB0180,CONTROL ITEM TYPE,200,BLN,B/L NO,B/L NO,N,1,,,,
ACAB0180,CONTROL ITEM TYPE,210,BLD,B/L DATE,B/L DATE,N,1,,,,
ACAB0180,CONTROL ITEM TYPE,220,CTN,CONTRACT NO,CONTRACT NO,N,1,,,,
ACAB0180,CONTROL ITEM TYPE,230,CTD,CONTRACT DATE,CONTRACT DATE,N,1,,,,
ACAB0180,CONTROL ITEM TYPE,240,PYM,PAYMENT METHOD,PAYMENT METHOD,N,1,,,,
ACAB0180,CONTROL ITEM TYPE,250,CDN,CUSTOMER DECLARATION NO,CUSTOMER DECLARATION NO,N,1,,,,
ACAB0180,CONTROL ITEM TYPE,260,CDD,CUSTOMER DECLARATION DATE,CUSTOMER DECLARATION DATE,N,1,,,,
ACAB0180,CONTROL ITEM TYPE,270,PNM,PRODUCT ITEM,PRODUCT ITEM,N,1,,,,
ACAB0180,CONTROL ITEM TYPE,280,TRD,TRANSACTON DATE,TRANSACTON DATE,N,1,,,,
ACAB0180,CONTROL ITEM TYPE,290,UED,USE DATE,USE DATE,N,1,,,,
ACAB0180,CONTROL ITEM TYPE,300,DON,DOCUMENT NO,DOCUMENT NO,N,1,,,,
ACAB0180,CONTROL ITEM TYPE,310,DED,DELIVERY DATE,DELIVERY DATE,N,1,,,,
ACAB0180,CONTROL ITEM TYPE,320,LCN,LOCATION ID,LOCATION ID,N,1,,,,
ACAB0180,CONTROL ITEM TYPE,330,STN,STOCK ID,STOCK ID,N,1,,,,
ACAB0180,CONTROL ITEM TYPE,340,TFD,TRANSFER DATE,TRANSFER DATE,N,1,,,,
ACAB0180,CONTROL ITEM TYPE,350,TER,TERM,TERM,N,1,,,,
ACAB0180,CONTROL ITEM TYPE,360,MON,MONTH,MONTH,N,1,,,,
ACAB0180,CONTROL ITEM TYPE,370,EMP,EMPLOYEE NAME,EMPLOYEE NAME,N,1,,,,
ACAB0180,CONTROL ITEM TYPE,380,ETC,OTHER,OTHER,N,1,,,,
ACAB0180,CONTROL ITEM TYPE,390,EMD,EMPLOYEE ID,EMPLOYEE ID,N,1,,,,
ACAB0180,CONTROL ITEM TYPE,400,RPD,REPAYMENT DATE,REPAYMENT DATE,N,1,,,,
ACAB0180,CONTROL ITEM TYPE,410,NOD,NOTICE DATE,NOTICE DATE,N,1,,,,
ACAB0180,CONTROL ITEM TYPE,420,NON,NOTICE NO,NOTICE NO,N,1,,,,
ACAB0180,CONTROL ITEM TYPE,430,EXR,EXCHANGE RATE,EXCHANGE RATE,N,1,,,,
ACAB0180,CONTROL ITEM TYPE,440,TRY,TRANSACTION TYPE,TRANSACTION TYPE,N,1,,,,
ACAB0180,CONTROL ITEM TYPE,450,EXP,EXPENSE NAME,EXPENSE NAME,N,1,,,,
ACAB0180,CONTROL ITEM TYPE,460,ASS,ASSET ID,ASSET ID,N,1,,,,
ACAB0180,CONTROL ITEM TYPE,470,DOC,DOCUMENT TYPE,DOCUMENT TYPE,N,1,,,,
ACAB0180,CONTROL ITEM TYPE,480,BAN,BANK ACCOUNT,BANK ACCOUNT,N,1,,,,
ACAB0180,CONTROL ITEM TYPE,490,REM,REMITTANCE TYPE,REMITTANCE TYPE,N,1,,,,
ACAB0180,CONTROL ITEM TYPE,500,EXD,EXPIRY DATE,EXPIRY DATE,N,1,,,,
ACAB0180,CONTROL ITEM TYPE,510,NUM,NUMBER,NUMBER,N,1,,,,
ACAB0180,CONTROL ITEM TYPE,520,ADV,ADVANCE DATE,ADVANCE DATE,N,1,,,,
ACAB0180,CONTROL ITEM TYPE,530,CUS,CUSTOMER NAME,CUSTOMER NAME,N,1,,,,
ACAB0180,CONTROL ITEM TYPE,540,COP,COST PRICER,COST PRICER,N,1,,,,
ACAB0185,CONTROL ITEM GROUP,10,VAT,VAT CONTROL ITEM,VAT CONTROL ITEM,N,1,,,,
ACAB0185,CONTROL ITEM GROUP,20,AR,AR REGISTER SLIP,AR REGISTER SLIP,N,1,,,,
ACAB0185,CONTROL ITEM GROUP,30,ARCAN,AR CANCEL SLIP,AR CANCEL SLIP,N,1,,,,
ACAB0185,CONTROL ITEM GROUP,40,AP,AP REGISTER SLIP,AP REGISTER SLIP,N,1,,,,
ACAB0185,CONTROL ITEM GROUP,50,APCAN,AP CANCEL SLIP,AP CANCEL SLIP,N,1,,,,
ACAB0190,DATA TYPE,1,D,DATE,DATE,N,1,,,,
ACAB0190,DATA TYPE,1,N,NUMBER,NUMBER,N,1,,,,
ACAB0190,DATA TYPE,1,C,CHARACTER,CHARACTER,N,1,,,,
ACAB0200,RATE TYPE,10,01,Buying,Buying,N,1,,,,
ACAB0200,RATE TYPE,20,02,Selling,Selling,N,1,,,,
ACAB0200,RATE TYPE,30,03,Bank,Bank,N,1,,,,
ACAB0210,ACCOUNT GROUP BS,10,110,110,110,N,1,,,,
ACAB0210,ACCOUNT GROUP BS,20,130,130,130,N,1,,,,
ACAB0210,ACCOUNT GROUP BS,30,140,140,140,N,1,,,,
ACAB0210,ACCOUNT GROUP BS,40,150,150,150,N,1,,,,
ACAB0210,ACCOUNT GROUP BS,50,160,160,160,N,1,,,,
ACAB0210,ACCOUNT GROUP BS,60,210,210,210,N,1,,,,
ACAB0210,ACCOUNT GROUP BS,70,211,211,211,N,1,,,,
ACAB0210,ACCOUNT GROUP BS,80,214,214,214,N,1,,,,
ACAB0210,ACCOUNT GROUP BS,90,217,217,217,N,1,,,,
ACAB0210,ACCOUNT GROUP BS,100,220,220,220,N,1,,,,
ACAB0210,ACCOUNT GROUP BS,110,240,240,240,N,1,,,,
ACAB0210,ACCOUNT GROUP BS,120,310,310,310,N,1,,,,
ACAB0210,ACCOUNT GROUP BS,130,330,330,330,N,1,,,,
ACAB0210,ACCOUNT GROUP BS,140,340,340,340,N,1,,,,
ACAB0210,ACCOUNT GROUP BS,150,410,410,410,N,1,,,,
ACAB0210,ACCOUNT GROUP BS,160,420,420,420,N,1,,,,
ACAB0210,ACCOUNT GROUP BS,170,430,430,430,N,1,,,,
ACAB0210,ACCOUNT GROUP BS,180,440,440,440,N,1,,,,
ACAB0210,ACCOUNT GROUP BS,190,450,450,450,N,1,,,,
ACAB0210,ACCOUNT GROUP BS,200,460,460,460,N,1,,,,
ACAB0215,ACCOUNT BS,10,111000,111000,111000,N,1,,,2,
ACAB0215,ACCOUNT BS,20,112000,112000,112000,N,1,,,5,
ACAB0215,ACCOUNT BS,30,113000,113000,113000,N,1,,,,
ACAB0215,ACCOUNT BS,40,121100,121100,121100,N,1,,,,
ACAB0215,ACCOUNT BS,50,121200,121200,121200,N,1,,,,
ACAB0215,ACCOUNT BS,60,128000,128000,128000,N,1,,,,
ACAB0215,ACCOUNT BS,70,129000,129000,129000,N,1,,,,
ACAB0215,ACCOUNT BS,80,131000,131000,131000,N,1,,,,
ACAB0215,ACCOUNT BS,90,131100,131100,131100,N,1,,,,
ACAB0215,ACCOUNT BS,100,131200,131200,131200,N,1,,,,
ACAB0215,ACCOUNT BS,110,131300,131300,131300,N,1,,,,
ACAB0215,ACCOUNT BS,120,131400,131400,131400,N,1,,,,
ACAB0215,ACCOUNT BS,130,133000,133000,133000,N,1,,,,
ACAB0215,ACCOUNT BS,140,136000,136000,136000,N,1,,,,
ACAB0215,ACCOUNT BS,150,136100,136100,136100,N,1,,,,
ACAB0215,ACCOUNT BS,160,138000,138000,138000,N,1,,,,
ACAB0215,ACCOUNT BS,170,138100,138100,138100,N,1,,,,
ACAB0215,ACCOUNT BS,180,138200,138200,138200,N,1,,,,
ACAB0215,ACCOUNT BS,190,138800,138800,138800,N,1,,,,
ACAB0215,ACCOUNT BS,200,138810,138810,138810,N,1,,,,
ACAB0215,ACCOUNT BS,210,139000,139000,139000,N,1,,,,
ACAB0215,ACCOUNT BS,220,141000,141000,141000,N,1,,,,
ACAB0215,ACCOUNT BS,230,142000,142000,142000,N,1,,,,
ACAB0215,ACCOUNT BS,240,144000,144000,144000,N,1,,,,
ACAB0215,ACCOUNT BS,250,151000,151000,151000,N,1,,,,
ACAB0215,ACCOUNT BS,260,152000,152000,152000,N,1,,,,
ACAB0215,ACCOUNT BS,270,153000,153000,153000,N,1,,,,
ACAB0215,ACCOUNT BS,280,154000,154000,154000,N,1,,,,
ACAB0215,ACCOUNT BS,290,155000,155000,155000,N,1,,,,
ACAB0215,ACCOUNT BS,300,156000,156000,156000,N,1,,,,
ACAB0215,ACCOUNT BS,310,157000,157000,157000,N,1,,,,
ACAB0215,ACCOUNT BS,320,159000,159000,159000,N,1,,,,
ACAB0215,ACCOUNT BS,330,161000,161000,161000,N,1,,,,
ACAB0215,ACCOUNT BS,340,211000,211000,211000,N,1,,,,
ACAB0215,ACCOUNT BS,350,212000,212000,212000,N,1,,,,
ACAB0215,ACCOUNT BS,380,213000,213000,213000,N,1,,,,
ACAB0215,ACCOUNT BS,400,213200,213200,213200,N,1,,,,
ACAB0215,ACCOUNT BS,410,214000,214000,214000,N,1,,,,
ACAB0215,ACCOUNT BS,420,214100,214100,214100,N,1,,,,
ACAB0215,ACCOUNT BS,440,214200,214200,214200,N,1,,,,
ACAB0215,ACCOUNT BS,460,214300,214300,214300,N,1,,,,
ACAB0215,ACCOUNT BS,480,214700,214700,214700,N,1,,,,
ACAB0215,ACCOUNT BS,490,217000,217000,217000,N,1,,,,
ACAB0215,ACCOUNT BS,500,221000,221000,221000,N,1,,,,
ACAB0215,ACCOUNT BS,510,222000,222000,222000,N,1,,,,
ACAB0215,ACCOUNT BS,520,223000,223000,223000,N,1,,,,
ACAB0215,ACCOUNT BS,530,228000,228000,228000,N,1,,,,
ACAB0215,ACCOUNT BS,540,229000,229000,229000,N,1,,,,
ACAB0215,ACCOUNT BS,550,241000,241000,241000,N,1,,,,
ACAB0215,ACCOUNT BS,560,242000,242000,242000,N,1,,,,
ACAB0215,ACCOUNT BS,570,244000,244000,244000,N,1,,,,
ACAB0215,ACCOUNT BS,580,311000,311000,311000,N,1,,,,
ACAB0215,ACCOUNT BS,590,315000,315000,315000,N,1,,,,
ACAB0215,ACCOUNT BS,600,331000,331000,331000,N,1,,,,
ACAB0215,ACCOUNT BS,610,331100,331100,331100,N,1,,,,
ACAB0215,ACCOUNT BS,620,331200,331200,331200,N,1,,,,
ACAB0215,ACCOUNT BS,630,331300,331300,331300,N,1,,,,
ACAB0215,ACCOUNT BS,640,331400,331400,331400,N,1,,,,
ACAB0215,ACCOUNT BS,650,333000,333000,333000,N,1,,,,
ACAB0215,ACCOUNT BS,660,333400,333400,333400,N,1,,,,
ACAB0215,ACCOUNT BS,670,334000,334000,334000,N,1,,,,
ACAB0215,ACCOUNT BS,680,335000,335000,335000,N,1,,,,
ACAB0215,ACCOUNT BS,690,336000,336000,336000,N,1,,,,
ACAB0215,ACCOUNT BS,700,337000,337000,337000,N,1,,,,
ACAB0215,ACCOUNT BS,710,337100,337100,337100,N,1,,,,
ACAB0215,ACCOUNT BS,720,337200,337200,337200,N,1,,,,
ACAB0215,ACCOUNT BS,730,338000,338000,338000,N,1,,,,
ACAB0215,ACCOUNT BS,740,338100,338100,338100,N,1,,,,
ACAB0215,ACCOUNT BS,750,338200,338200,338200,N,1,,,,
ACAB0215,ACCOUNT BS,760,341000,341000,341000,N,1,,,,
ACAB0215,ACCOUNT BS,770,342000,342000,342000,N,1,,,,
ACAB0215,ACCOUNT BS,780,343000,343000,343000,N,1,,,,
ACAB0215,ACCOUNT BS,790,344000,344000,344000,N,1,,,,
ACAB0215,ACCOUNT BS,800,411000,411000,411000,N,1,,,,
ACAB0215,ACCOUNT BS,810,412000,412000,412000,N,1,,,,
ACAB0215,ACCOUNT BS,820,413000,413000,413000,N,1,,,,
ACAB0215,ACCOUNT BS,830,414000,414000,414000,N,1,,,,
ACAB0215,ACCOUNT BS,840,415000,415000,415000,N,1,,,,
ACAB0215,ACCOUNT BS,850,421000,421000,421000,N,1,,,,
ACAB0215,ACCOUNT BS,860,421100,421100,421100,N,1,,,,
ACAB0215,ACCOUNT BS,870,421200,421200,421200,N,1,,,,
ACAB0215,ACCOUNT BS,880,431000,431000,431000,N,1,,,,
ACAB0215,ACCOUNT BS,890,441000,441000,441000,N,1,,,,
ACAB0215,ACCOUNT BS,900,451000,451000,451000,N,1,,,,
ACAB0215,ACCOUNT BS,910,461000,461000,461000,N,1,,,,
ACAB0215,ACCOUNT BS,920,466000,466000,466000,N,1,,,,
ACAB0220,ACCOUNT PL,10,C,CASH,CASH,N,1,,,,
ACAB0220,ACCOUNT PL,10,511000,511000,511000,N,1,,,,
ACAB0220,ACCOUNT PL,20,B,BANK,BANK,N,1,,,,
ACAB0220,ACCOUNT PL,20,641210,641210,641210,N,1,,,,
ACAB0220,ACCOUNT PL,30,532000,532000,532000,N,1,,,,
ACAB0220,ACCOUNT PL,40,531000,531000,531000,N,1,,,,
ACAB0220,ACCOUNT PL,50,333300,333300,333300,N,1,,,,
ACAB0220,ACCOUNT PL,60,632000,632000,632000,N,1,,,,
ACAB0220,ACCOUNT PL,70,515000,515000,515000,N,1,,,,
ACAB0220,ACCOUNT PL,80,635000,635000,635000,N,1,,,,
ACAB0220,ACCOUNT PL,90,641000,641000,641000,N,1,,,,
ACAB0220,ACCOUNT PL,100,642000,642000,642000,N,1,,,,
ACAB0220,ACCOUNT PL,110,711000,711000,711000,N,1,,,,
ACAB0220,ACCOUNT PL,120,811000,811000,811000,N,1,,,,
ACAB0220,ACCOUNT PL,130,333400,333400,333400,N,1,,,,
ACAB0220,ACCOUNT PL,140,635100,635100,635100,N,1,,,,
ACAB0220,ACCOUNT PL,150,333200,333200,333200,N,1,,,,
ACAB0220,ACCOUNT PL,160,512000,512000,512000,N,1,,,,
ACAB0220,ACCOUNT PL,170,521000,521000,521000,N,1,,,,
ACAB0240,COLOR,10,0XF4E6E0,GRAY,0xF4E6E0,N,1,,,,
ACAB0240,COLOR,20,0XEFFFFF,LIGHT YELLOW,0xEFFFFF,N,1,,,,
ACAB0240,COLOR,30,0XFFFF00,GREEN,GREEN,N,1,,,,
ACAB0240,COLOR,40,0XFF9900,BLUE,,N,1,,,,
ACAB0240,COLOR,50,0X99CCFF,ORANGE,,N,1,,,,
ACAB0240,COLOR,60,0XFFFF99,T,T,N,1,,,,
ACAB0240,COLOR,70,0XCCFFCC,GREEN (1),,N,1,,,,
ACAB0240,COLOR,80,0XCCFFFF,YELLOW,,N,1,,,,
ACAB0240,COLOR,90,0XCC99FF,PINK,,N,1,,,,
ACAB0240,COLOR,100,0XFFFFFF,WHITE,,Y,1,,,,
ACAB0250,GROUP FS,10,01,Account code,Account code,N,1,,,,
ACAB0250,GROUP FS,20,02,Formular,Formular,N,1,,,,
ACAB0250,GROUP FS,30,03,Empty,Empty,N,1,,,,
ACAB0250,GROUP FS,40,04,Control Item,Control Item,N,1,,,,
ACAB0250,GROUP FS,50,05,P/L Unit,P/L Unit,N,1,,,,
ACAB0260,MONTH,10,1,1 month,1 month,Y,1,,,,
ACAB0260,MONTH,20,3,3 months,3 months,N,1,,,,
ACAB0260,MONTH,30,6,6 months,6 months,N,1,,,,
ACAB0260,MONTH,40,9,9 months,9 months,N,1,,,,
ACAB0260,MONTH,50,12,12 months,12 months,N,1,,,,
ACAB0270,FONT STYPE,10,R,Regular,Regular,N,1,,,,
ACAB0270,FONT STYPE,20,I,Itatic,Itatic,N,1,,,,
ACAB0270,FONT STYPE,30,B,Bold,Bold,N,1,,,,
ACAB0280,MATCHING FORM,10,AP,AP,AP,N,1,,,,
ACAB0280,MATCHING FORM,20,AR(-),AR(-),AR(-),N,1,,,,
ACAB0280,MATCHING FORM,30,AFC,Advance From Customer,Advance From Customer,N,1,,,,
ACAB0280,MATCHING FORM,40,AR,AR,AR,N,1,,,,
ACAB0280,MATCHING FORM,50,AP(-),AP(-),AP(-),N,1,,,,
ACAB0280,MATCHING FORM,60,ATV,Advance To Vendor,Advance To Vendor,N,1,,,,
ACAB0290,REQUESTED TYPE,10,EMP,EMPLOYEE,EMPLOYEE,N,1,,,,
ACAB0290,REQUESTED TYPE,20,DEP,DEPARTMENT,DEPARTMENT,N,1,,,,
ACAR0190,UNIT,10,01,MET,MET
,N,1,,,,
ACAR0190,UNIT,20,02,YDS,YARDS
,N,1,,,,
ACAR0190,UNIT,30,03,FEET,FEET
,N,1,,,,
ACAR0190,UNIT,40,04,LIT,LITRE
,N,1,,,,
ACAR0190,UNIT,50,06,KG,KG
,N,1,,,,
ACAR0190,UNIT,60,07,EA,EACH
,N,1,,,,
ACAR0190,UNIT,70,08,CONES,CONES
,N,1,,,,
ACAR0190,UNIT,80,09,SET,CU¿N
,N,1,,,,
ACAR0190,UNIT,90,10,BAG,BAG
,N,1,,,,
ACAR0190,UNIT,100,11,KILOWATT,KW
,N,1,,,,
ACAR0190,UNIT,110,12,STERE,MET KHOI
,N,0,,,,
ACAR0190,UNIT,120,13,PLACE,VI TRI
,N,0,,,,
ACAR0190,UNIT,130,14,MONTH,THANG
,N,0,,,,
ACAR0190,UNIT,140,15,CONTAINER,CONTAINER
,N,0,,,,
ACAR0190,UNIT,150,16,ROLL,ROLL
,N,1,,,,
ACAR0190,UNIT,160,17,CAN,CAN
,N,1,,,,
ACAR0190,UNIT,170,18,SHEET,SHEET
,N,1,,,,
ACAR0190,UNIT,180,19,TON,TON
,N,1,,,,
ACAR0190,UNIT,190,20,GR,GRAM
,N,1,,,,
ACAR0190,UNIT,200,21,BOT,BOT,N,1,,,,
ACAR0190,UNIT,210,22,SERVICE,SERVICE,N,1,,,,
ACAR0190,UNIT,220,23,PCS,PCS,N,1,,,,
ACBC0060,CONFIRM CANCEL OPTION,10,Y,CONFIRM CANCEL,CONFIRM CANCEL,Y,1,,,,
ACBC0060,CONFIRM CANCEL OPTION,20,N,NOT CONFIRM CANCEL,NOT CONFIRM CANCEL,N,1,,,,
ACBG0010,VOUCHER STATUS,1,0,Approved,Approved,N,1,,,,
ACBG0010,VOUCHER STATUS,1,1,Saved,Saved,N,1,,,,
ACBG0010,VOUCHER STATUS,1,2,Confirmed,Confirmed,N,1,,,,
ACBG0010,VOUCHER STATUS,1,3,Cancelled,Cancelled,N,1,,,,
ACBG0020,FINANCIAL STATEMENTS,10,90,Trial Balance,Trial Balance,N,1,,,,
ACBG0020,FINANCIAL STATEMENTS,20,91,Balance Sheet,Balance Sheet,N,1,,,,
ACBG0020,FINANCIAL STATEMENTS,30,92,Income Statement,Income Statement,N,1,,,,
ACBG0020,FINANCIAL STATEMENTS,40,93,Production Expense,Production Expense,N,1,,,,
ACBG0020,FINANCIAL STATEMENTS,50,94,Sales & Admin Expense,Sales & Admin Expense,N,1,,,,
ACBG0020,FINANCIAL STATEMENTS,60,95,VAT Summary,VAT Summary,N,1,,,,
ACBG0030,LEFT/RIGHT,10,L,Left,Left,N,1,,,,
ACBG0030,LEFT/RIGHT,20,R,Right,Right,N,1,,,,
ACBG0030,LEFT/RIGHT,30,+,+,+,N,1,,,,
ACBG0030,LEFT/RIGHT,40,A,Left and Right,Left and Right,N,1,,,,
ACBG0030,LEFT/RIGHT,50,B,Left or Right,Left or Right,N,1,,,,
ACBG0040,BOOKING CURRENCY,10,VND,9,999,999,999,999,#,###,###,###,###R,Y,1,,,,
ACBG0040,BOOKING CURRENCY,20,USD,9,999,999,999,990.99,#,###,###,###,###.##R,N,1,,,,
ACBG0050,TRANSACTION FORMAT,10,VND,9,999,999,999,999,#,###,###,###,###R,N,1,,,,
ACBG0050,TRANSACTION FORMAT,20,USD,9,999,999,999,990.99,#,###,###,###,###.##R,Y,1,,,,
ACBG0060,CONTROL OPTION,10,01,Display,Display,N,1,,,,
ACBG0060,CONTROL OPTION,20,02,Screen option(uncheck),Screen option(uncheck),N,1,,,,
ACBG0060,CONTROL OPTION,30,03,Screen option(check),Screen option(check),N,1,,,,
ACBG0060,CONTROL OPTION,40,04,None,None,N,1,,,,
ACBG0070,AMOUNT KIND,10,BBAL,Beginning Balance,Beginning Balance,N,1,,,,
ACBG0070,AMOUNT KIND,20,EBAL,Ending Balance,Ending Balance,N,1,,,,
ACBG0070,AMOUNT KIND,30,OTT,Origination of This Term,Origination of This Term,N,1,,,,
ACBG0080,LINE DESIGN KIND,10,SWSTL,Width+Standard Length,Width+Standard Length,N,1,,,,
ACBG0080,LINE DESIGN KIND,20,SW,Width w/o Length,Width w/o Length,N,1,,,,
ACBG0080,LINE DESIGN KIND,30,STL,Length w/o Width,Length w/o Width,N,1,,,,
ACBG0080,LINE DESIGN KIND,40,SWSBL,Width+Sub Length,Width+Sub Length,N,1,,,,
ACBG0080,LINE DESIGN KIND,50,SBL,Sub Length w/o width,Sub Length w/o width,N,1,,,,
ACBG0090,ACCOUNTING BOOK TYPES,10,01,GENERAL JOURNAL,Nhật ký chung,Y,1,,,,
ACBG0090,ACCOUNTING BOOK TYPES,20,02,JOURNAL VOUCHER,Chứng từ ghi sổ,N,1,,,,
ACBG0100,DATASOURCE,10,LOG,INDIRECT,Gián tiếp,N,1,,,,
ACBG0100,DATASOURCE,20,TREA,DIRECT,Trực tiếp,Y,1,,,,
ACBG0101,TRANSACTION/BOOK,10,TRANS,Transaction,Transaction,Y,1,,,,
ACBG0101,TRANSACTION/BOOK,20,BOOK,Booking,Booking,N,1,,,,
ACCR0010,INVOICE_TYPE,1,00,IRRELEVANT,IRRELEVANT,N,1,,,,
ACCR0010,INVOICE_TYPE,1,04,ETC,ETC,N,1,,,,
ACCR0010,INVOICE_TYPE,1,12,INVOICE WITH VAT,INVOICE WITH VAT,N,1,,,,
ACCR0010,INVOICE_TYPE,1,14,LEASING INVOICE,LEASING INVOICE,N,1,,,,
ACCR0010,INVOICE_TYPE,1,13,INVOICE W/O VAT,INVOICE W/O VAT,N,1,,,,
ACCR0010,INVOICE_TYPE,1,11,IMPORT INVOICE,IMPORT INVOICE,N,1,,0,,
ACCR0010,INVOICE_TYPE,1,03,PRIVATE,PRIVATE,N,1,,,,
ACCR0010,INVOICE_TYPE,1,01,ZERO TAX,ZERO TAX,N,1,,,,
ACCR0010,INVOICE_TYPE,1,02,GENERAL TAX,GENERAL TAX,N,1,,,,
ACCR0020,SETTLEMENT CONDITION,1,AO00,ADVANCE CASH,ADVANCE CASH,N,1,,,,
ACCR0020,SETTLEMENT CONDITION,1,PD00,PAY CASH ON DELIVERY,PAY CASH ON DELIVERY,N,1,,,,
ACCR0020,SETTLEMENT CONDITION,1,PQ90,PAY 90DAYS AFTER QC,PAY 90DAYS AFTER QC,N,1,,,,
ACCR0020,SETTLEMENT CONDITION,1,PQ60,PAY 60DAYS AFTER QC,PAY 60DAYS AFTER QC,N,1,,,,
ACCR0020,SETTLEMENT CONDITION,1,PQ45,PAY 45DAYS AFTER QC,PAY 45DAYS AFTER QC,N,1,,,,
ACCR0020,SETTLEMENT CONDITION,1,PQ30,PAY 30DAYS AFTER QC,PAY 30DAYS AFTER QC,N,1,,,,
ACCR0020,SETTLEMENT CONDITION,1,PQ00,PAY CASH ON QC,PAY CASH ON QC,N,1,,,,
ACCR0020,SETTLEMENT CONDITION,1,PO90,PAY 90DAYS AFTER ORDER,PAY 90DAYS AFTER ORDER,N,1,,,,
ACCR0020,SETTLEMENT CONDITION,1,PO60,PAY 60DAYS AFTER ORDER,PAY 60DAYS AFTER ORDER,N,1,,,,
ACCR0020,SETTLEMENT CONDITION,1,PO45,PAY 45DAYS AFTER ORDER,PAY 45DAYS AFTER ORDER,N,1,,,,
ACCR0020,SETTLEMENT CONDITION,1,PO30,PAY 30DAYS AFTER ORDER,PAY 30DAYS AFTER ORDER,N,1,,,,
ACCR0020,SETTLEMENT CONDITION,1,AO90,ADVANCE 90DAYS NOTE,ADVANCE 90DAYS NOTE,N,1,,,,
ACCR0020,SETTLEMENT CONDITION,1,AO30,ADVANCE 30DAYS NOTE,ADVANCE 30DAYS NOTE,N,1,,,,
ACCR0020,SETTLEMENT CONDITION,1,AO60,ADVANCE 60DAYS NOTE,ADVANCE 60DAYS NOTE,N,1,,,,
ACCR0020,SETTLEMENT CONDITION,1,AO45,ADVANCE 45DAYS NOTE,ADVANCE 45DAYS NOTE,N,1,,,,
ACCR0030,PAYMENT STATUS,1,0,NOT YET PAYMENT,NOT YET PAYMENT,N,1,,,,
ACCR0030,PAYMENT STATUS,1,2,PAYMENT,PAYMENT,N,1,,,,
ACCR0030,PAYMENT STATUS,1,1,PARTIAL PAYMENT,PARTIAL PAYMENT,N,1,,,,
ACCR0040,PAYMENT TYPE,0,11,CASH(Emp),CASH(Emp),N,0,,,,
ACCR0040,PAYMENT TYPE,0,22,DEPOSIT(Vendor),DEPOSIT(Vendor),N,1,,,,
ACCR0040,PAYMENT TYPE,0,21,DEPOSIT(Emp),DEPOSIT(Emp),N,0,,,,
ACCR0040,PAYMENT TYPE,0,12,CASH(Vendor),CASH(Vendor),N,1,,,,
ACCR0040,PAYMENT TYPE,1,30,INSTALLMENT,INSTALLMENT,N,1,,,,
ACCR0050,AP TYPE,10,VEN,VENDOR,VENDOR,Y,1,,,,
ACCR0050,AP TYPE,20,EXP,EXPENDITURE,EXPENDITURE,N,1,,,,
ACCR0050,AP TYPE,30,GAE,GENERAL AFFAIR EXPENDITURE,GENERAL AFFAIR EXPENDITURE,N,1,,,,
ACCR0050,AP TYPE,40,TRE,TRADE EXPENDITURE,TRADE EXPENDITURE,N,1,,,,
ACCR0050,AP TYPE,50,BNK,BANK,BANK,N,1,,,,
ACCR0080,TAX TYPE,10,00,IRRELEVANT,IRRELEVANT,N,1,,,,
ACCR0080,TAX TYPE,20,01,ZERO TAX,ZERO TAX,N,1,,,,
ACCR0080,TAX TYPE,30,02,GENERAL TAX,GENERAL TAX,N,1,,,,
ACCR0080,TAX TYPE,40,03,PRIVATE,PRIVATE,N,1,,,,
ACCR0080,TAX TYPE,50,04,ETC,ETC,N,1,,,,
ACCR0080,TAX TYPE,60,11,IMPORT INVOICE,IMPORT INVOICE,N,1,,,,
ACCR0080,TAX TYPE,70,12,INVOICE WITH VAT,INVOICE WITH VAT,N,1,,,,
ACCR0080,TAX TYPE,80,13,INVOICE W/O VAT,INVOICE W/O VAT,N,1,,,,
ACCR0080,TAX TYPE,90,14,LEASING INVOICE,LEASING INVOICE,N,1,,,,
ACCR0100,VAT TYPE,0,1,IN,IN,N,1,,,,
ACCR0100,VAT TYPE,0,2,OUT,OUT,N,1,,,,
ACCR0110,TAX RATE,10,00,0%,0%,N,1,,,1,
ACCR0110,TAX RATE,20,05,5%,5%,N,1,,,2,
ACCR0110,TAX RATE,30,10,10%,10%,N,1,,,4,
ACCR0110,TAX RATE,40,15,15%,15%,N,1,,,5,
ACCR0110,TAX RATE,50,20,20%,20%,N,1,,,6,
ACCR0110,TAX RATE,60,30,30%,30%,N,1,,,7,
ACCR0110,TAX RATE,70,40,40%,40%,N,1,,,8,
ACCR0110,TAX RATE,80,06,6%,6%,N,1,,,3,
ACCR0110,TAX RATE,90,01,none,none,N,1,,,10,
ACCR0110,TAX RATE,100,50,50%,50%,N,1,,,9,
ACCR0110,TAX RATE,110,NO,No VAT,No VAT,N,1,,,11,
ACCR0110,TAX RATE,120,45,45%,45%,N,1,,,12,
ACCR0130,COLLECTION METHOD,10,01,AT SIGHT,At Sight,N,0,,,,
ACCR0130,COLLECTION METHOD,20,02,ACCOUNT RECEIVABLE,Account Receivable,N,0,,,,
ACCR0130,COLLECTION METHOD,30,03,ADVANCE,Advance,N,0,,,,
ACCR0130,COLLECTION METHOD,40,04,SHORT-TERM BORROWING,Short-Term Borrowing,N,0,,,,
ACCR0130,COLLECTION METHOD,50,05,OTHERS,Others,N,0,,,,
ACCR0130,COLLECTION METHOD,60,N,ONE CERRENCY,ONE CERRENCY,N,1,,,,
ACCR0130,COLLECTION METHOD,70,Y,MULTI CERRENCY,MULTI CERRENCY,N,1,,,,
ACCR0140,PAYMENT METHOD,10,02,T/T,T/T,N,1,,,,
ACCR0140,PAYMENT METHOD,20,01,CASH,CASH,N,1,,,,
ACCR0140,PAYMENT METHOD,30,03,L/C,L/C,N,1,,,,
ACCR0140,PAYMENT METHOD,40,04,ETC,ETC,N,1,,,,
ACCR0150,TERMS,10,60,60 DAYS,60 DAYS,N,1,,,8,
ACCR0150,TERMS,20,7,7 DAYS,7 DAYS,N,1,,,7,
ACCR0150,TERMS,30,14,14 DAYS,14 DAYS,N,1,,,6,
ACCR0150,TERMS,40,21,21 DAYS,21 DAYS,N,1,,,5,
ACCR0150,TERMS,50,30,30 DAYS,30 DAYS,N,1,,,4,
ACCR0150,TERMS,60,45,45 DAYS,45 DAYS,N,1,,,3,
ACCR0150,TERMS,70,0,0 DAYS,0 DAYS,N,1,,,0,
ACCR0150,TERMS,80,90,90 DAYS,90 DAYS,N,1,,,1,
ACCR0150,TERMS,90,15,15 DAYS,15 DAYS,N,1,,,2,
ACCR0160,ITEM CLASS,10,02,Finished Good,Finished Good,Y,1,,,,
ACCR0160,ITEM CLASS,20,01,Merchandise,Merchandise,N,1,,,,
ACCR0160,ITEM CLASS,30,03,Service,Service,N,1,,,,
ACCR0160,ITEM CLASS,40,04,Scrap,Scrap,N,1,,,,
ACCR0160,ITEM CLASS,50,I_GI,Goods in transit,Goods in transit,N,1,I=INVENTORY,,151000,
ACCR0160,ITEM CLASS,60,I_RM,Raw material,Raw material,N,1,,,152000,
ACCR0160,ITEM CLASS,70,I_TS,Tools and supplies,Tools and supplies,N,1,,,153000,
ACCR0160,ITEM CLASS,80,I_FG,Finished goods,Finished goods,N,1,,,155000,
ACCR0160,ITEM CLASS,90,I_MI,Merchandise inventory,Merchandise inventory,N,1,,,156000,
ACCR0160,ITEM CLASS,100,F_TF,Tangible fixed assets,Tangible fixed assets,N,1,F= FIXED,,211000,
ACCR0160,ITEM CLASS,110,I_P,Purchases,Purchases,N,1,,,611000,
ACCR0160,ITEM CLASS,120,C_RC,Raw material costs,Raw material costs,N,1,C=COST,,621000,
ACCR0160,ITEM CLASS,130,C_FO,Factory overhead costs,Factory overhead costs,N,1,,,627000,
ACCR0160,ITEM CLASS,140,C_SE,Selling expenses,Selling expenses,N,1,,,641000,
ACCR0160,ITEM CLASS,150,C_GA,General and administration expenses,General and administration expenses,N,1,,,642000,
ACCR0160,ITEM CLASS,160,C_DL,Direct Labour Cost,Direct Labour Cost,N,1,,,622000,
ACCR0160,ITEM CLASS,170,O_PE,Prepaid Expense,Prepaid Expense,N,1,O=OTHER,,142000,
ACCR0160,ITEM CLASS,180,O_PEL,Prepaid Expense (LONG-TERM),Prepaid Expense (LONG-TERM),N,1,,,242000,
ACCR0160,ITEM CLASS,190,O_AE,Accrued Expense,Accrued Expense,N,1,,,335000,
ACCR0160,ITEM CLASS,200,O_CEM,Collection Extra Money,Collection Extra Money,N,1,,,111000,
ACCR0160,ITEM CLASS,210,O_PIS,Paying Instead Salary,Paying Instead Salary,N,1,,,334000,
ACCR0160,ITEM CLASS,220,I_STR,Shortage Of Assets Awaiting Resolution,Shortage Of Assets Awaiting Resolution,N,1,,,138100,
ACCR0160,ITEM CLASS,230,I_SLR,Surplus Of Assets Awaiting Resolution,Surplus Of Assets Awaiting Resolution,N,1,,,338100,
ACCR0170,AR ACCOUNT CODE,10,DO,131100,131100,N,1,,,,
ACCR0170,AR ACCOUNT CODE,20,OS,131200,131200,N,1,,,,
ACCR0180,VAT ACCOUNT CODE,10,AR,333110,333110,N,1,,,,
ACCR0180,VAT ACCOUNT CODE,20,AP,133100,133100,N,1,,,,
ACCR0200,,10,DO,156200,156200,N,1,,,,
ACCR0200,,20,EX,156200,156200,N,1,,,,
ACCR0210,IMPORT TAX,10,EX,333120,333120,N,1,,,,
ACCR0210,IMPORT TAX,20,IMP,333300,333300,N,1,,,,
ACCR0210,IMPORT TAX,30,EXC,333200,333200,N,1,,,,
ACCR0220,FEE TYPE,10,01,BANK CHARGE,BANK CHARGE,N,1,,,,
ACCR0220,FEE TYPE,20,02,VAT,VAT,N,1,,,,
ACCR0220,FEE TYPE,30,03,REMITTANCE CHARGE,REMITTANCE CHARGE,Y,1,,,,
ACCR0220,FEE TYPE,40,04,L/C AMEND NO',L/C AMEND NO',N,1,,,,
ACCR0220,FEE TYPE,50,05,STTLEMENT FEE,STTLEMENT FEE,N,1,,,,
ACCR0220,FEE TYPE,60,06,CABLE CHARGE,CABLE CHARGE,N,1,,,,
ACCR0220,FEE TYPE,70,07,D/P PAYMENT,D/P PAYMENT,N,1,,,,
ACCR0220,FEE TYPE,80,08,INTERAST SIGHT BILL BOUGHT,INTERAST SIGHT BILL BOUGHT,N,1,,,,
ACCR0220,FEE TYPE,90,10,NEGO PAYMENT,NEGO PAYMENT,N,1,,,,
ACCR0220,FEE TYPE,100,11,MAIL CHARGE,MAIL CHARGE,N,1,,,,
ACCR0220,FEE TYPE,110,12,OTHER BANK CHARGE,OTHER BANK CHARGE,N,1,,,,
ACCR0220,FEE TYPE,120,13,L/C ISSUANCE,L/C ISSUANCE,N,1,,,,
ACCR0220,FEE TYPE,130,14,INWARD REMITTANE,INWARD REMITTANE,N,1,,,,
ACCR0220,FEE TYPE,140,15,L/C COLLECTING,L/C COLLECTING,N,1,,,,
ACCR0220,FEE TYPE,150,16,FOREIGN EXCHANGE,FOREIGN EXCHANGE,N,1,,,,
ACCR0225,FEE ACCOUNT CODE,10,642310,ADMIN EXPENSE STATIONERY,ADMIN EXPENSE STATIONERY,N,0,,,,
ACCR0225,FEE ACCOUNT CODE,20,333110,VAT OUTPUT,VAT OUTPUT,N,0,,,,
ACCR0225,FEE ACCOUNT CODE,30,515200,FOREIGN EXCHANGE GAIN,FOREIGN EXCHANGE GAIN,N,0,,,,
ACCR0225,FEE ACCOUNT CODE,40,635200,FOREIGN EXCHANGE LOSS,FOREIGN EXCHANGE LOSS,N,0,,,,
ACCR0225,FEE ACCOUNT CODE,50,642830,ADMIN EXPENSE BANK CHARGES,ADMIN EXPENSE BANK CHARGES,N,1,,,,
ACCR0230,GROUP ACCOUNT VAT,10,333110,333110,,N,1,,,,
ACCR0230,GROUP ACCOUNT VAT,20,138830,138830,,N,1,,,,
ACCR0230,GROUP ACCOUNT VAT,30,133200,133200,,N,1,,,,
ACCR0230,GROUP ACCOUNT VAT,40,333300,333300,,N,1,,,,
ACCR0230,GROUP ACCOUNT VAT,50,333120,333120,,N,1,,,,
ACCR0230,GROUP ACCOUNT VAT,60,133100,133100,,N,1,,,,
ACCR0235,GROUP AR/AP,10,AR,AR,,N,1,,,,
ACCR0235,GROUP AR/AP,20,AP,AP,,N,1,,,,
ACCR0236,GROUP ADVANCE,10,AFC_DO,131300,131300,N,1,,,,
ACCR0236,GROUP ADVANCE,20,AFC_OS,131400,131400,N,1,,,,
ACCR0236,GROUP ADVANCE,30,ATV_DO,331300,331300,N,1,,,,
ACCR0236,GROUP ADVANCE,40,ATV_OS,331400,331400,N,1,,,,
ACCR0236,GROUP ADVANCE,50,VAT,133100,133100,N,1,,,,
ACCR0236,GROUP ADVANCE,60,LOSS,515200,515200,N,1,,,,
ACCR0236,GROUP ADVANCE,70,GAIN,635200,635200,N,1,,,,
ACCR0236,GROUP ADVANCE,80,AP_DO,331100,331100,N,1,,,,
ACCR0236,GROUP ADVANCE,90,AP_OS,331200,331200,N,1,,,,
ACCR0236,GROUP ADVANCE,100,AR_DO,131100,131100,N,1,,,,
ACCR0236,GROUP ADVANCE,110,AR_OS,131200,131200,N,1,,,,
ACCR0237,RECEIVING TYPE,10,10,Turnover Of Sales & Service,Thu bán hàng & cung cấp dịch vụ,Y,0,,,131000,
ACCR0237,RECEIVING TYPE,20,20,Other Income,Thu khác từ hoạt động kinh doanh,N,1,,,,
ACCR0237,RECEIVING TYPE,30,30,Income From Liquidate FA,Thu từ thanh lý TSCĐ,N,1,,,,
ACCR0237,RECEIVING TYPE,40,40,Take Back Amounts From Debtor, Sale Liability Of Other Company,Thu hồi cho vay, bán lại các công cụ nợ của đơn vị khác,N,0,,,,
ACCR0237,RECEIVING TYPE,50,50,Take Back Amounts From Investments,Thu hồi đầu tư góp vốn vào đơn vị khác,N,0,,,,
ACCR0237,RECEIVING TYPE,60,60,Interest Income, Dividend, Shared Earning,Thu lãi cho vay, cổ tức, lợi nhuận được chia,N,0,,,,
ACCR0237,RECEIVING TYPE,70,70,Income From Sale Shares, Receiving Owner's Equity,Thu từ bán cổ phiếu, nhận vốn góp của chủ sở hữu,N,1,,,,
ACCR0237,RECEIVING TYPE,80,80,Transfer Money,Điều chuyển tiền,Y,1,,,,
ACCR0237,RECEIVING TYPE,90,90,Collection Advance Employee,Thu tạm ứng nhân viên,N,1,YG137,,,
ACCR0237,RECEIVING TYPE,100,100,Long Term, Short Term Borrowing Receipt,Tiền vay ngắn hạn, dài hạn nhận được,N,1,,,,
ACCR0237,RECEIVING TYPE,110,110,Advance From Customer,Thu ứng trước của khách hàng,N,1,,,,
ACCR0238,GROUP AP,10,VAT,133100,133100,N,1,,,,
ACCR0238,GROUP AP,20,138,138100,138100,N,1,,,,
ACCR0238,GROUP AP,30,338,338100,338100,N,1,,,,
ACCR0239,PAYMENT TYPE,10,10,Paying To Vendor,Chi trả cho người cung cấp hàng hóa và dịch vụ,Y,0,,,,
ACCR0239,PAYMENT TYPE,20,20,Paying To Employees,Chi trả cho người lao động,N,1,,,,
ACCR0239,PAYMENT TYPE,30,30,Paying Loan Interest,Chi trả lãi vay,N,0,,,,
ACCR0239,PAYMENT TYPE,40,40,Paying For Bussiness Income Tax,Chi nộp thuế thu nhập doanh nghiệp,N,1,,,,
ACCR0239,PAYMENT TYPE,50,50,Other Expenses,Chi khác cho hoạt động kinh doanh,N,1,,,,
ACCR0239,PAYMENT TYPE,60,60,Buying, Building FA And Other Long Term Assets,Chi mua sắm, xây dựng TSCĐ và tài sản dài hạn khác,N,0,,,,
ACCR0239,PAYMENT TYPE,70,70,Loan, Buying Financial Leased FA,Chi cho vay, mua các công cụ nợ của đơn vị khác,N,0,,,,
ACCR0239,PAYMENT TYPE,80,80,Invest Other Company,Chi đầu tư góp vốn vào đơn vị khác,N,0,,,,
ACCR0239,PAYMENT TYPE,90,90,Paying Owner's Equity, Take Back Published Shares,Chi trả vốn góp cho các chủ sở hữu, mua lại cổ phiếu đã phát hành,N,0,,,,
ACCR0239,PAYMENT TYPE,100,100,Paying Borrowing Loan,Chi trả nợ gốc vay,N,0,,,,
ACCR0239,PAYMENT TYPE,110,110,Paying Financial Leased Debt,Chi trả nợ thuê tài chính,N,0,,,,
ACCR0239,PAYMENT TYPE,120,120,Paying Dividend, Earning For Owner's Equity,Chi cổ tức, lợi nhuận cho chủ sở hữu,N,0,,,,
ACCR0239,PAYMENT TYPE,130,130,Transfer Money,Điều chuyển tiền,Y,1,,,,
ACCR0239,PAYMENT TYPE,140,140,Advance for Employee,Tạm ứng cho nhân viên,N,1,YG137,,,
ACCR0239,PAYMENT TYPE,150,150,Advance To Vendor,Chi trả trước người bán,N,1,,,,
ACCR0240,EXPORT PRICE METHODS,10,10,Average Cost At Times,Bình quân thời điểm,Y,1,,,,
ACCR0240,EXPORT PRICE METHODS,20,20,FIFO,Nhập trước xuất trước,N,1,,,,
ACCR0240,EXPORT PRICE METHODS,30,30,Average Cost At The End Period,Bình quân cuối kỳ,N,1,,,,
ACCR0240,EXPORT PRICE METHODS,40,40,LIFO,Nhập trước xuất sau,N,1,,,,
ACCR0241,TITLE,10,10,INVENTORY OF MATERIAL REPORT,BÁO CÁO NHẬP XUẤT TỒN NGUYÊN VẬT LIỆU,N,1,,,,
ACCR0241,TITLE,20,20,INVENTORY OF FINISHED GOODS REPORT,BÁO CÁO NHẬP XUẤT TỒN THÀNH PHẨM,N,1,,,,
ACCR0241,TITLE,30,30,INVENTORY OF MERCHANDISE REPORT,BÁO CÁO NHẬP XUẤT TỒN HÀNG HÓA,N,1,,,,
ACCR0242,USUAL INVOICE,10,10,ALLOCATE,ALLOCATE,N,1,,,,
ACCR0242,USUAL INVOICE,20,20,OTHER,OTHER,Y,1,,,,
ACCR0243,ALLOCATE METHOD,10,10,VALUE,GIÁ TRỊ,Y,1,,,,
ACCR0243,ALLOCATE METHOD,20,20,QUANTITY,SỐ LƯỢNG,N,1,,,,
ACCR0244,BAO CAO TONG HOP,10,141,BẢNG TỔNG HỢP TÌNH HÌNH TẠM ỨNG CÔNG NHÂN VIÊN,BẢNG TỔNG HỢP TÌNH HÌNH TẠM ỨNG CÔNG NHÂN VIÊN,Y,1,,,,
ACCR0244,BAO CAO TONG HOP,20,1421,BẢNG TỔNG HỢP CHI PHÍ TRẢ TRƯỚC NGẮN HẠN,BẢNG TỔNG HỢP CHI PHÍ TRẢ TRƯỚC NGẮN HẠN,N,1,,,,
ACCR0244,BAO CAO TONG HOP,30,144,BẢNG TỔNG HỢP TÌNH HÌNH KÝ CƯỢC, KÝ QUỸ NGẮN HẠN,BẢNG TỔNG HỢP TÌNH HÌNH KÝ CƯỢC, KÝ QUỸ NGẮN HẠN,N,1,,,,
ACCR0244,BAO CAO TONG HOP,40,3311,BẢNG TỔNG HỢP TÌNH HÌNH THANH TOÁN NHÀ CUNG CẤP,BẢNG TỔNG HỢP TÌNH HÌNH THANH TOÁN NHÀ CUNG CẤP,N,1,,,,
ACCR0244,BAO CAO TONG HOP,50,3312,BẢNG TỔNG HỢP TÌNH HÌNH THANH TOÁN NHÀ CUNG CẤP,BẢNG TỔNG HỢP TÌNH HÌNH THANH TOÁN NHÀ CUNG CẤP,N,1,,,,
ACCR0244,BAO CAO TONG HOP,60,335,BẢNG TỔNG HỢP CHI PHÍ PHẢI TRẢ,BẢNG TỔNG HỢP CHI PHÍ PHẢI TRẢ,N,1,,,,
ACCR0244,BAO CAO TONG HOP,70,3388,BẢNG TỔNG HỢP TÌNH HÌNH PHẢI TRẢ KHÁC,BẢNG TỔNG HỢP TÌNH HÌNH PHẢI TRẢ KHÁC,N,1,,,,
ACCR0260,ADVANCE METHOD,10,YG140,DEPOSIT,DEPOSIT,N,1,,,,
ACCR0260,ADVANCE METHOD,20,YG141,CASH,CASH,N,1,,,,
ACCR0260,ADVANCE METHOD,30,YG142,FIXED ASSET,FIXED ASSET,N,1,,,,
ACCR0260,ADVANCE METHOD,40,YG143,OTHER ASSETS,OTHER ASSETS,N,1,,,,
ACDF0010,FIXED ASSET KIND,10,BD,Building,Building,N,1,,,,
ACDF0010,FIXED ASSET KIND,20,ME,Machinery & Equipment,Machinery & Equipment,N,1,,,,
ACDF0010,FIXED ASSET KIND,30,TF,Transportation & Facilities,Transportation & Facilities,N,1,,,,
ACDF0010,FIXED ASSET KIND,40,FO,Furniture & Office Equipment,Furniture & Office Equipment,N,1,,,,
ACDF0010,FIXED ASSET KIND,50,OT,Other Tangible Fixed Assets,Other Tangible Fixed Assets,N,1,,,,
ACDF0010,FIXED ASSET KIND,60,FL,Finance Lease Assets,Finance Lease Assets,N,1,,,,
ACDF0010,FIXED ASSET KIND,70,IA,Intangible Assets,Intangible Assets,N,1,,,,
ACDF0020,ASSET ACCOUNT CODE,10,211200,Property-Building-Plant,Nhà cửa, vật kiến trúc,N,1,,,,
ACDF0020,ASSET ACCOUNT CODE,20,211300,Machinery & Equipment,Máy móc, thiết bị,N,1,,,,
ACDF0020,ASSET ACCOUNT CODE,30,211400,Transportation & Facilities,Phương tiện vận tải, truyền dẫn,N,1,,,,
ACDF0020,ASSET ACCOUNT CODE,40,211500,Furniture & Office Equipment,Thiết bị, dụng cụ quản lý,N,1,,,,
ACDF0020,ASSET ACCOUNT CODE,50,211800,Other Tangible Fixed Assets,Tài sản cố định khác,N,1,,,,
ACDF0020,ASSET ACCOUNT CODE,60,212100,Machinery & Equipment,TSCĐ thuê TC - Máy móc, thiết bị,N,1,,,,
ACDF0020,ASSET ACCOUNT CODE,70,212200,Vehicles,TSCĐ thuê TC - PT vận tải,N,1,,,,
ACDF0020,ASSET ACCOUNT CODE,80,213100,Right Of Land Use,Quyền sử dụng đất,N,1,,,,
ACDF0020,ASSET ACCOUNT CODE,90,213200,Right Of Publishing,Quyền phát hành,N,1,,,,
ACDF0020,ASSET ACCOUNT CODE,100,213500,Software,Phần mềm máy tính,N,1,,,,
ACDF0020,ASSET ACCOUNT CODE,110,213800,Other Intangible Assets,Tài sản vô hình khác,N,1,,,,
ACDF0030,DEPRECIATION ACCOUNT CODE,10,214120,Dep'n - Building,Depr. - Building,N,1,,,,
ACDF0030,DEPRECIATION ACCOUNT CODE,20,214130,Dep'n - Machinery & Equipment,Depr. - Machinery & Equipment,N,1,,,,
ACDF0030,DEPRECIATION ACCOUNT CODE,30,214140,Dep'n - Transportation & Facilities,Depr. - Transportation & Facilities,N,1,,,,
ACDF0030,DEPRECIATION ACCOUNT CODE,40,214150,Dep'n - Furniture & Office Equipment,Depr. - Furniture & Office Equipment,N,1,,,,
ACDF0030,DEPRECIATION ACCOUNT CODE,50,214180,Dep'n - Other Tangible Fixed Assets,Depr. - Other Tangible Fixed Assets,N,1,,,,
ACDF0030,DEPRECIATION ACCOUNT CODE,60,214210,Dep'n - F/L Machinery & Equipment,Depr. - F/L Machinery & Equipment,N,1,,,,
ACDF0030,DEPRECIATION ACCOUNT CODE,70,214220,Dep'n - F/L Transportation & Facilities,Depr. - F/L Transportation & Facilities,N,1,,,,
ACDF0040,EXPENSE ACCOUNT CODE,10,627400,Factory Expense Depreciation,,N,1,,,,
ACDF0040,EXPENSE ACCOUNT CODE,20,641400,Selling Expense Depreciation,,N,1,,,,
ACDF0040,EXPENSE ACCOUNT CODE,30,642400,Administration Expense Depreciation,,N,1,,,,
ACDF0050,UNIT,10,EA,EA,,N,1,,,,
ACDF0050,UNIT,20,SET,SET,,N,1,,,,
ACDF0060,DEPRECIATION METHOD,10,SL,Straight Line,,N,1,,,,
ACDF0070,STATUS,10,A,Active,,N,1,,,,
ACDF0070,STATUS,20,U,Unused,,N,1,,,,
ACDF0070,STATUS,30,D,Disabled,,N,1,,,,
ACDF0070,STATUS,40,T,Transfered,,N,1,,,,
ACFC0010,COST ALLOCATION TYPE,1,10,AMOUNT,AMOUNT,N,1,,,,
ACFC0010,COST ALLOCATION TYPE,1,30,USER DEFINED,USER DEFINED,N,1,,,,
ACFC0010,COST ALLOCATION TYPE,1,20,QUANTITY,QUANTITY,N,1,,,,
ACFC0010,COST ALLOCATION TYPE,10,12,exam,exam,N,1,,,,
ACIE0001,TRANSPORTATION,10,S,SEA,SEA,N,1,,,,
ACIE0001,TRANSPORTATION,20,A,AIR,AIR,N,1,,,,
ACIE0001,TRANSPORTATION,30,R,RAILWAYS,RAILWAYS,N,1,,,,
ACIE0002,PRICE TERMS,10,EXW,Ex Works,Ex Works,N,1,,,,
ACIE0002,PRICE TERMS,20,FCA,Free Carrier,Free Carrier,N,1,,,,
ACIE0002,PRICE TERMS,30,FAS,Free Alongside Ship,Free Alongside Ship,N,1,,,,
ACIE0002,PRICE TERMS,40,FOB,Free On Board,Free On Board,N,1,,,,
ACIE0002,PRICE TERMS,50,CFR,Cost and Freight,Cost and Freight,N,1,,,,
ACIE0002,PRICE TERMS,60,CIF,Cost, Insurance and Freight,Cost, Insurance and Freight,N,1,,,,
ACIE0002,PRICE TERMS,70,CPT,Carriage Paid To,Carriage Paid To,N,1,,,,
ACIE0002,PRICE TERMS,80,CIP,Carriage and Insurance Paid to,Carriage and Insurance Paid to,N,1,,,,
ACIE0002,PRICE TERMS,90,DAF,Delivered At Frontier,Delivered At Frontier,N,1,,,,
ACIE0002,PRICE TERMS,100,DES,Delivered Ex Ship,Delivered Ex Ship,N,1,,,,
ACIE0002,PRICE TERMS,110,DEQ,Delivered Ex Quay,Delivered Ex Quay,N,1,,,,
ACIE0002,PRICE TERMS,120,DDU,Delivered Duty Unpaid,Delivered Duty Unpaid,N,1,,,,
ACIE0002,PRICE TERMS,130,DDP,Delivered Duty Paid,Delivered Duty Paid,N,1,,,,
CM100000,LINE TYPE,10,GE,General,,N,1,,,,
CM100000,LINE TYPE,20,BU,Bussiness,,N,1,,,,
CM100000,LINE TYPE,30,DE,Delux,,N,1,,,,
CM200000,LINE STATUS,10,AVA,Available,,N,1,,,,
CM200000,LINE STATUS,20,BSI,Busy,,N,1,,,,
CM200000,LINE STATUS,30,WTG,Waiting,,N,1,,,,
CM200000,LINE STATUS,40,CLS,Closed,,N,1,,,,
CM300000,CARD STATUS,10,AVA,Available,,N,1,,,,
CM300000,CARD STATUS,20,USE,Using,,N,1,,,,
CM300000,CARD STATUS,30,INA,Inactive now,,N,1,,,,
CM300000,CARD STATUS,40,CLS,Closed,,N,1,,,,
CM400000,TRANS TYPE,10,MEMBER,MEMBERSHIP,,N,1,,,,
CM400000,TRANS TYPE,20,COUPON,COUPON,,N,1,,,,
CM400000,TRANS TYPE,30,BOX,BOX,,N,1,,,,
CM400000,TRANS TYPE,40,LINE,LINE ORDER,,N,1,,,,
CM400000,TRANS TYPE,50,REG,REGISTRATION,,N,1,,,,
CM400000,TRANS TYPE,60,SHOP,SHOPPING,,N,1,,,,
COAB0010,CODE TYPE,1,N,NUMBER,NUMBER,N,1,,,,
COAB0010,CODE TYPE,1,C,CHAR,CHAR,N,1,,,,
COAB0020,CODE DETAIL TYPE,1,1,SUPER,SUPER,N,1,,,,
COAB0020,CODE DETAIL TYPE,1,2,SUBCODE,SUBCODE,N,1,,,,
COAB0020,CODE DETAIL TYPE,1,3,CODE,CODE,N,1,,,,
COAB0030,CODE SYS FLAG,1,Y,SYSTEM MANAGER,SYSTEM MANAGER,N,1,,,,
COAB0030,CODE SYS FLAG,1,N,USER DEFINED,USER DEFINED,N,1,,,,
COAB0040,TABLE USE_YN OPTION,1,Y,ACTIVE,ACTIVE,N,1,,,1,
COAB0040,TABLE USE_YN OPTION,1,N,INACTIVE,INACTIVE,N,1,,,2,
COAB0050,TABLE DEL_IF OPTION,1,0,ALIVE,ALIVE,N,1,,,,
COAB0050,TABLE DEL_IF OPTION,1,1,PK-DELETE,PK-DELETE,N,1,,,,
COAB0060,YES/NO,1,Y,YES,YES,N,1,,,1,
COAB0060,YES/NO,2,N,NO,NO,N,1,,,2,
COAB0070,LANGUAGE TYPE,10,VNM,Vietnamese,,Y,1,,,,
COAB0070,LANGUAGE TYPE,20,ENG,English,,N,1,,,,
COAB0070,LANGUAGE TYPE,30,KOR,Korean,,N,1,,,,
COAB0080,NATION,1,VIE,VIETNAM,VIETNAM,N,1,Y,,1,
COAB0080,NATION,2,KOR,KOREA,KOREA,N,1,Y,,2,
COAB0080,NATION,3,MYA,MYANMAR,MYANMAR,N,1,Y,,3,
COAB0080,NATION,4,US,UNITED STATES,UNITED STATES,N,1,N,,4,
COAB0080,NATION,5,CHN,CHINA,CHINA,N,1,N,,5,
COAB0080,NATION,6,JAP,JAPAN,JAPAN,N,1,N,,6,
COAB0090,PARAMETER TYPE,1,S,STRING,STRING,N,1,,,2,
COAB0090,PARAMETER TYPE,1,D,DATE,DATE,N,1,,,3,
COAB0090,PARAMETER TYPE,1,N,NUMBER,NUMBER,N,1,,,1,
COAB0100,PARAMETER I/O,1,I,INPUT,INPUT,N,1,,,,
COAB0100,PARAMETER I/O,1,O,OUTPUT,OUTPUT,N,1,,,,
COAB0110,OBJECT TYPE,1,M,MAIN(MENU),MAIN(MENU),N,1,,,,
COAB0110,OBJECT TYPE,1,S,RESPONSE,RESPONSE,N,1,,,,
COAB0110,OBJECT TYPE,1,P,POPUP,POPUP,N,1,,,,
COAB0130,DAY TYPE,10,2,MON,MON,N,1,,,,
COAB0130,DAY TYPE,20,3,TUE,TUE,N,1,,,,
COAB0130,DAY TYPE,30,4,WED,WED,N,1,,,,
COAB0130,DAY TYPE,40,5,THU,THU,N,1,,,,
COAB0130,DAY TYPE,50,6,FRI,FRI,N,1,,,,
COAB0130,DAY TYPE,60,7,SAT,SAT,N,1,,,,
COAB0130,DAY TYPE,70,1,SUN,SUN,N,1,,,,
COAB0135,DAY GROUP,1,HOL,SPECIAL HOLIDAY,SPECIAL HOLIDAY,N,1,,,,
COAB0135,DAY GROUP,1,NOR,NORMAL DAY,NORMAL DAY,N,1,,,,
COAB0135,DAY GROUP,1,SAT,SATURDAY,SATURDAY,N,1,,,7,
COAB0135,DAY GROUP,1,SUN,SUNDAY,SUNDAY,N,1,,,1,
COAB0140,HOLIDAY TYPE,20,SUN,Sunday,Sunday,N,1,,,,
COAB0140,HOLIDAY TYPE,40,COM,COMPANY HOLIDAY,COMPANY HOLIDAY,N,1,,,,
COAB0140,HOLIDAY TYPE,50,NAT,National Day,National Day,N,1,,,,
COAB0150,QUERY PERIOD,10,M,MONTHLY,MONTHLY,Y,1,,,,
COAB0150,QUERY PERIOD,20,Q,QUERTERLY,QUERTERLY,N,1,,,,
COAB0150,QUERY PERIOD,30,Y,YEARLY,YEARLY,N,1,,,,
COAB0160,SALE TYPE,10,NM,Normal,Normal,Y,1,,,,
COAB0160,SALE TYPE,20,OP,Opening Discount,Opening Discount,N,1,,,,
COAB0160,SALE TYPE,30,HO,Holiday,Holiday,N,1,,,,
COAB0170,DISCOUNT TYPE,10,RAT,DISCOUNT RATE,DISCOUNT RATE,Y,1,,,,
COAB0170,DISCOUNT TYPE,20,AMT,DISCOUNT AMT,DISCOUNT AMT,N,1,,,,
COAB0500,FILE TYPE,10,JPG,JPG,JPG,N,1,,,,
COAB0500,FILE TYPE,20,TIFF,TIFF,TIFF,N,1,,,,
COAB0500,FILE TYPE,30,AI,AI,AI,N,1,,,,
COAB0500,FILE TYPE,40,DOC,DOC,DOC,N,1,,,,
COAB0500,FILE TYPE,50,XLS,XLS,XLS,N,1,,,,
COBS0010,SECURITY LEVEL,0,0,SELF,SELF AUTHORITY,N,1,,,,
COBS0010,SECURITY LEVEL,0,3,COMPANY,COMPANY AUTHORITY,N,1,,,,
COBS0010,SECURITY LEVEL,0,4,NATION,NATION AUTHORITY,N,1,,,,
COBS0010,SECURITY LEVEL,0,2,SUB DEPARTMENT,SUB DEPT AUTHORITY,N,1,,,,
COBS0010,SECURITY LEVEL,0,1,DEPARTMENT,DEPT AUTHORITY,N,1,,,,
COBS0010,SECURITY LEVEL,1,5,COMPANY GROUP,COMPANY GROUP,N,1,,,,
COBS0010,SECURITY LEVEL,1,6,ALL COMPANY,ALL COMPANY,N,1,,,,
COBS0020,USER TYPE,1,0,EMPLOYEE,EMPLOYEE,N,1,VHR_ABEMP,,,
COBS0020,USER TYPE,1,1,EMPLOYEE W/O REGISTRATION,EMPLOYEE W/O REGISTRATION,N,1,VHR_ABEMP,,,
COBS0020,USER TYPE,1,3,CLIENT/VENDOR,CLIENT/VENDOR,N,1,VCO_DCCUSTCP,,,
COBS0020,USER TYPE,1,2,OUTSOURCING,OUTSOURCING,N,1,VCO_DCCUSTCP,,,
COBS0030,OBJECT STATUS,10,U,USED,USED,N,1,,,,
COBS0030,OBJECT STATUS,20,TS,SYSTEM TEST,SYSTEM TEST,N,1,,,,
COBS0030,OBJECT STATUS,30,TU,UNIT TEST,UNIT TEST,N,1,,,,
COBS0030,OBJECT STATUS,40,D,DEVELOP,DEVELOP,N,1,,,,
COBS0030,OBJECT STATUS,50,S,DESIGN,DESIGN,N,1,,,,
COBS0040,OBJECT GROUP,10,U,USER,USER,N,1,,,,
COBS0040,OBJECT GROUP,20,T,SYSTEM USER,SYSTEM USER,N,1,,,,
COBS0040,OBJECT GROUP,30,D,DEVELOPER,DEVELOPER,N,1,,,,
COBS0050,SLIP DESIGN OPTION,10,010,ORIGINAL,ORIGINAL,Y,1,,,,
COBS0050,SLIP DESIGN OPTION,20,020,PORTRAIT A,PORTRAIT A,N,1,,,,
COBS0050,SLIP DESIGN OPTION,30,030,PORTRAIT B W/O BUDGET,PORTRAIT B  W/O BUDGET,N,1,,,,
COBS0050,SLIP DESIGN OPTION,40,040,PORTRAIT C 2ROWS,PORTRAIT C 2ROWS,N,1,,,,
COCI0010,ITEM CLASS,10,01,PRODUCTION,PRODUCTION,N,1,,,,
COCI0010,ITEM CLASS,20,02,COMMODITY,COMMODITY,N,1,,,,
COCI0010,ITEM CLASS,30,03,MATERIAL,MATERIAL,N,1,,,,
COCI0010,ITEM CLASS,40,04,SUB MATERIAL,SUB MATERIAL,N,1,,,,
COCI0010,ITEM CLASS,50,05,PACKAGING MATERIAL,PACKAGING MATERIAL,N,1,,,,
COCI0010,ITEM CLASS,60,06,NON-STOCK MATERIAL,NON-STOCK MATERIAL,N,1,,,,
COCI0010,ITEM CLASS,70,07,EQUIPMENT,EQUIPMENT,N,1,,,,
COCI0010,ITEM CLASS,80,08,PARTS OF EQUIPMENT,PARTS OF EQUIPMENT,N,1,,,,
COCI0010,ITEM CLASS,90,GI,Goods in transit,Goods in transit,N,1,,,151000,
COCI0010,ITEM CLASS,100,RM,Raw material,Raw material,N,1,,,152000,
COCI0010,ITEM CLASS,110,TS,Tools and supplies,Tools and supplies,N,1,,,153000,
COCI0010,ITEM CLASS,120,FG,Finished goods,Finished goods,N,1,,,155000,
COCI0010,ITEM CLASS,130,MI,Merchandise inventory,Merchandise inventory,N,1,,,156000,
COCI0010,ITEM CLASS,140,TF,Tangible fixed assets,Tangible fixed assets,N,1,,,211000,
COCI0010,ITEM CLASS,150,P,Purchases,Purchases,N,1,,,611000,
COCI0010,ITEM CLASS,160,RC,Raw material costs,Raw material costs,N,1,,,621000,
COCI0010,ITEM CLASS,170,FO,Factory overhead costs,Factory overhead costs,N,1,,,627000,
COCI0010,ITEM CLASS,180,SE,Selling expenses,Selling expenses,N,1,,,641000,
COCI0010,ITEM CLASS,190,GA,General and administration expenses,General and administration expenses,N,1,,,642000,
COCI0010,ITEM CLASS,200,SV,SERVICE,SERVICE,N,1,,,,
COCI0020,DIMENTION TYPE,1,CNT,COUNT,COUNT,N,1,,0,,
COCI0020,DIMENTION TYPE,1,DIM,DIMENTION,DIMENTION,N,1,,,,
COCI0020,DIMENTION TYPE,1,VOL,VOLUME,VOLUME,N,1,0,0,,
COCI0020,DIMENTION TYPE,1,WID,WIDTH,WIDTH,N,1,,,,
COCI0020,DIMENTION TYPE,1,WET,WEIGHT,WEIGHT,N,1,,,,
COCI0020,DIMENTION TYPE,1,TIM,TIME,TIME,N,1,,,,
COCI0030,UNIT OF MEASURE,10,CM,CENTIMETER,CENTIMETER,N,1,,,,
COCI0030,UNIT OF MEASURE,20,EA,EACH,EACH,N,1,,,,
COCI0030,UNIT OF MEASURE,30,GR,GRAM,GRAM,N,1,,,,
COCI0030,UNIT OF MEASURE,40,KG,KILOGRAM,KILOGRAM,N,1,,,,
COCI0030,UNIT OF MEASURE,50,YD,YARD,Yard,N,1,,,,
COCI0030,UNIT OF MEASURE,60,SET,SET,SET,N,1,,,,
COCI0030,UNIT OF MEASURE,70,L,LETTER,LETTER,N,1,,,,
COCI0030,UNIT OF MEASURE,80,M,METTER,METTER,N,1,,,,
COCI0030,UNIT OF MEASURE,90,SH,SHEET,SHEET,N,1,,,,
COCI0030,UNIT OF MEASURE,100,PCS,PIECES,PIECES,N,1,,,,
COCI0050,PRODUCTIVITY RESOURCE TYPE,1,01,PLANT DEPENDED ON,Plant Depended On,N,1,,,,
COCI0050,PRODUCTIVITY RESOURCE TYPE,1,02,LABOR DEPENDED ON,Labor Depended On,N,1,,,,
COCI0050,PRODUCTIVITY RESOURCE TYPE,1,03,MIXED PLANT & LABOR,Mixed Plant & Labor,N,1,,,,
COCI0060,LOT,10,001,CARTON,CARTON,N,1,,,,
COCI0060,LOT,20,002,PACK,PACK,N,1,,,,
COCI0060,LOT,30,003,ROLL,ROLL,N,1,,,,
COCI0060,LOT,40,004,BAG,BAG,N,1,,,,
COCI0060,LOT,50,005,BALE,BALE,N,1,,,,
COCI0060,LOT,60,006,PALLET,PALLET,N,1,,,,
COCI0060,LOT,70,007,CONTAINER,CONTAINER,N,1,,,,
COCI0060,LOT,80,S01,CNT,CNT,N,1,,,,
COCI0060,LOT,90,S02,DAYS,DAYS,N,1,,,,
COCI0070,TIME UNIT,10,MI,MIN,MIN,Y,1,,,,
COCI0070,TIME UNIT,20,HR,HOR,HOR,N,1,,,,
COCI0070,TIME UNIT,30,DY,DAY,DAY,N,1,,,,
COCI0070,TIME UNIT,40,SS,SEC,SEC,N,1,,,,
COCI0080,PACKING TYPE,1,01,DOUBLE BOX,,N,1,,,,
COCI0080,PACKING TYPE,1,02,SINGLE BOX,,N,1,,,,
COCI0080,PACKING TYPE,1,04,SAFE PACK,,N,1,,,,
COCI0080,PACKING TYPE,1,03,PACK,,N,1,,,,
COCI0090,QUALITY CONTROL TYPE,1,01,APPEARANCE INSPECTION,APPEARANCE INSPECTION,N,0,,,,
COCI0090,QUALITY CONTROL TYPE,1,05,WEGHT INSPECTION,WEGHT INSPECTION,N,1,,,,
COCI0090,QUALITY CONTROL TYPE,1,02,PERFORMANCE TEST,PERFORMANCE TEST,N,1,,,,
COCI0090,QUALITY CONTROL TYPE,1,03,TENSION TEST,TENSION TEST,N,1,,,,
COCI0090,QUALITY CONTROL TYPE,1,04,FOUL INSPECTION,FOUL INSPECTION,N,1,,,,
COCI0100,QUALITY CONTROL LEVEL,1,0.10,0.10,0.10,N,1,,,,
COCI0100,QUALITY CONTROL LEVEL,1,0.25,0.25,0.25,N,1,,,,
COCI0100,QUALITY CONTROL LEVEL,1,0.65,0.65,0.65,N,1,,,,
COCI0100,QUALITY CONTROL LEVEL,1,1.45,1.45,1.45,N,1,,,,
COCI0100,QUALITY CONTROL LEVEL,1,005,50% SAMPLE,50% SAMPLE,N,0,,,,
COCI0100,QUALITY CONTROL LEVEL,1,010,10% SAMPLE,10% SAMPLE,N,0,,,,
COCI0100,QUALITY CONTROL LEVEL,1,001,TOTAL INSPECTION,TOTAL INSPECTION,N,1,,,,
COCI0100,QUALITY CONTROL LEVEL,1,1.00,1.00,1.00,N,1,,,,
COCI0100,QUALITY CONTROL LEVEL,1,0.40,0.40,0.40,N,1,,,,
COCI0100,QUALITY CONTROL LEVEL,1,0.15,0.15,0.15,N,1,,,,
COCI0130,WAREHOUSE TAKE OUT TYPE,1,01,GOODS OUT FOR SALE,GOODS OUT FOR SALE,N,1,,,,
COCI0130,WAREHOUSE TAKE OUT TYPE,1,07,REVERSE,REVERSE,N,1,,,,
COCI0130,WAREHOUSE TAKE OUT TYPE,1,02,GOODS OUT FOR STORAGE,GOODS OUT FOR STORAGE,N,1,,,,
COCI0130,WAREHOUSE TAKE OUT TYPE,1,06,RETURN,RETURN,N,1,,,,
COCI0140,STOCK CYCLE COUNT TYPE,1,01,01,01,N,1,,,,
COCI0140,STOCK CYCLE COUNT TYPE,1,02,02,02,N,1,,,,
COCI0150,IMPORT DOMESTIC TYPE,1,IM,IMPORT,IMPORT,N,1,,,,
COCI0150,IMPORT DOMESTIC TYPE,1,LO,LOCAL IMPORT,LOCAL IMPORT,N,1,,,,
COCI0150,IMPORT DOMESTIC TYPE,1,DO,DOMESTIC,DOMESTIC,N,1,,,,
COCI0170,IQC TYPE,1,01,01,01,N,1,,,,
COCI0170,IQC TYPE,1,03,03,03,N,1,,,,
COCI0170,IQC TYPE,1,02,02,02,N,1,,,,
COCI0190,LOSS TYPE,1,01,01,01,N,1,,,,
COCI0190,LOSS TYPE,1,02,02,02,N,1,,,,
COCI0200,PRICE TYPE,1,FOB,Free On Board,Free On Board,N,1,,,2,
COCI0200,PRICE TYPE,1,EX,POINT OF ORIGIN,POINT OF ORIGIN,N,1,,,1,
COCI0200,PRICE TYPE,1,EXD,EX DOCK,Ex Dock,N,1,,,6,
COCI0200,PRICE TYPE,1,FAS,Free alogine ship,Free Alongside Ship,N,1,,,3,
COCI0200,PRICE TYPE,1,CF,COST  FREE ON BOARD,Cost & Free On Board,N,1,,,4,
COCI0200,PRICE TYPE,1,CIF,Cost, Insurance, and Freight,Cost,Insurance, and Freight,N,1,,,5,
COCI0210,ABC,1,A,A,A,N,1,,,,
COCI0210,ABC,1,B,B,B,N,1,,,,
COCI0210,ABC,1,C,C,C,N,1,,,,
COCI0230,LABOR TYPE,10,BDNR,BONDING NORMAL,BONDING NORMAL,N,1,,,,
COCI0230,LABOR TYPE,20,MDNR,MOLDING NORMAL,MOLDING NORMAL,N,1,,,,
COCI0230,LABOR TYPE,30,PCNR,PROCESSING NORMAL,PROCESSING NORMAL,N,1,,,,
COCI0240,GROUP,10,A,A,,N,1,,,,
COCI0240,GROUP,20,B,B,,N,1,,,,
COCI0240,GROUP,30,C,C,,N,1,,,,
COCI0240,GROUP,40,D,D,,N,1,,,,
COCI0240,GROUP,50,E,E,,N,1,,,,
COCI0240,GROUP,60,F,F,,N,1,,,,
COCI0240,GROUP,70,G,G,,N,1,,,,
COCI0240,GROUP,80,H,H,,N,1,,,,
COCI0240,GROUP,90,I,I,,N,1,,,,
COCI0240,GROUP,100,J,J,,N,1,,,,
COCI0240,GROUP,110,K,K,,N,1,,,,
COCI0240,GROUP,120,L,L,,N,1,,,,
COCI0240,GROUP,130,M,M,,N,1,,,,
COCI0240,GROUP,140,N,N,,N,1,,,,
COCI0240,GROUP,150,O,O,,N,1,,,,
COCI0240,GROUP,160,P,P,,N,1,,,,
COCI0240,GROUP,170,Q,Q,,N,1,,,,
COCI0240,GROUP,180,R,R,,N,1,,,,
COCI0240,GROUP,190,S,S,,N,1,,,,
COCI0240,GROUP,200,T,T,,N,1,,,,
COCI0250,MATERIAL,10,01,Textile,,N,1,,,,
COCI0250,MATERIAL,20,02,Leather,,N,1,,,,
COCI0250,MATERIAL,30,03,Pebble Leather,,N,1,,,,
COCI0250,MATERIAL,40,04,Split Suede,,N,1,,,,
CODC0010,CUSTOMER TYPE,10,00,A/R,A/R,N,1,,,,
CODC0010,CUSTOMER TYPE,20,05,A/P,A/P,N,1,,,,
CODC0010,CUSTOMER TYPE,30,10,RELATED COMPANY,RELATED COMPANY,N,1,,,,
CODC0010,CUSTOMER TYPE,40,20,OUTSOURCING,OUTSOURCING,N,1,,,,
CODC0010,CUSTOMER TYPE,50,60,AGENT,AGENT,Y,1,,,,
CODC0010,CUSTOMER TYPE,60,50,FINANCIAL INSTITUTION,FINANCIAL INSTITUTION,N,1,,,,
CODC0010,CUSTOMER TYPE,70,30,EXPENDITURE,EXPENDITURE,N,1,,,,
CODC0010,CUSTOMER TYPE,80,70,BUYER,BUYER,N,1,,,,
CODC0020,CUSTOMER STATUS,1,P,PRIVATE,PRIVATE,N,1,,,,
CODC0020,CUSTOMER STATUS,1,C,CONFIRM,CONFIRM,N,1,,,,
CODC0020,CUSTOMER STATUS,1,T,TURN DOWN,TURN DOWN,N,1,,,,
CODC0020,CUSTOMER STATUS,1,A,REQ APPROVAL,REQ APPROVAL,N,1,,,,
CODC0030,BUSINESS TYPE,1,1,CORPORATION,CORPORATION,N,1,,,,
CODC0030,BUSINESS TYPE,1,2,PRIVATE,PRIVATE,N,1,,,,
CODC0040,CUTOMER BUSINESS SIZE,1,1,SMALL,SMALL,N,1,,,,
CODC0040,CUTOMER BUSINESS SIZE,1,4,MULTINATIONAL,MULTINATIONAL,N,1,,,,
CODC0040,CUTOMER BUSINESS SIZE,1,2,MEDIUM,MEDIUM,N,1,,,,
CODC0040,CUTOMER BUSINESS SIZE,1,3,LARGE,LARGE,N,1,,,,
CODC0050,CUSTOMER GROUP,1,01,GLOWIN,GLOWIN,N,1,,,,
CODC0050,CUSTOMER GROUP,1,03,LG,LG,N,1,,,,
CODC0050,CUSTOMER GROUP,1,99,ETC,ETC,N,1,,,,
CODC0050,CUSTOMER GROUP,1,02,SAMSUNG,SAMSUNG,N,1,,,,
CODC0060,USER DEFINED CUSTOMER GROUP,1,01,SEWING,SEWING,N,1,,,,
CODC0060,USER DEFINED CUSTOMER GROUP,1,02,ELECTIC INDUSTRY,ELECTIC INDUSTRY,N,1,,,,
CODC0060,USER DEFINED CUSTOMER GROUP,1,99,ETC,ETC,N,1,,,,
CODC0070,USER DEFINED GROUP2,1,99,ETC,ETC,N,1,,,,
CODC0080,USER DEFINED GROUP3,1,99,ETC,ETC,N,1,,,,
CODC0090,USER DEFINED GROUP4,1,99,ETC,ETC,N,1,,,,
CODC0100,WARRENT TYPE,1,E0,REAL ESTATE,REAL ESTATE,N,1,,,,
CODC0100,WARRENT TYPE,1,S0,SECURITIES,SECURITIES,N,1,,,,
CODC0110,CUSTOMER CHANGE,1,01,CUSTOMER NAME,CUSTOMER NAME,N,1,,,,
CODC0110,CUSTOMER CHANGE,1,05,BUSINESS,BUSINESS,N,1,,,,
CODC0110,CUSTOMER CHANGE,1,07,ADDRESS, TEL,ADDRESS, TEL,N,1,,,,
CODC0110,CUSTOMER CHANGE,1,99,ETC,ETC,N,1,,,,
CODC0110,CUSTOMER CHANGE,1,06,TAX,TAX,N,1,,,,
CODC0110,CUSTOMER CHANGE,1,04,CUSTOMER TYPE,CUSTOMER TYPE,N,1,,,,
CODC0110,CUSTOMER CHANGE,1,02,MOTHER CUSTOMER,MOTHER CUSTOMER,N,1,,,,
CODC0110,CUSTOMER CHANGE,1,03,REPRESENTATIVE,REPRESENTATIVE,N,1,,,,
CODC0120,CUST TRADING TYPE,10,OS,OVERSEA,OVERSEA,Y,1,,,,
CODC0120,CUST TRADING TYPE,20,DO,DOMESTIC,DOMESTIC,N,1,,,,
CODC0130,DELIVERY TYPE,1,1,VEHICLE,VEHICLE,N,1,,,,
CODC0130,DELIVERY TYPE,1,3,HANDCARRY,HANDCARRY,N,1,,,,
CODC0130,DELIVERY TYPE,1,4,AIR,AIR,N,1,,,,
CODC0130,DELIVERY TYPE,1,2,SHIP,SHIP,N,1,,,,
CODC0150,MEMBER TYPE,10,VIP,VIP,,N,1,,,,
CODC0150,MEMBER TYPE,20,SER,Senior,,N,1,,,,
CODC0150,MEMBER TYPE,30,JUR,Junior,,N,1,,,,
CODC0150,MEMBER TYPE,40,GER,General,,N,1,,,,
COEO0010,COMPANY GROUP,1,03,GENUWIN,GENUWIN,N,1,,,,
COEO0020,SECURITY LEVEL,1,1,ALL,ALL,N,1,,,,
COEO0020,SECURITY LEVEL,1,2,MOTHER COMPANY,MOTHER COMPANY,N,1,,,,
COEO0020,SECURITY LEVEL,1,3,COMPANY,COMPANY,N,1,,,,
COEO0030,DEPARTMENT TYPE,1,01,HEAD CENTER,HEAD CENTER,N,1,,,1,
COEO0030,DEPARTMENT TYPE,1,03,DIVISION,DIVISION,N,1,,,3,
COEO0030,DEPARTMENT TYPE,1,05,UNIT,UNIT,N,1,,,4,
COEO0030,DEPARTMENT TYPE,1,07,TEAM,TEAM,N,1,,,6,
COEO0030,DEPARTMENT TYPE,1,12,SHOP,SHOP,N,1,,,6,
COEO0030,DEPARTMENT TYPE,1,08,OFFICE,OFFICE,N,1,,,4,
COEO0030,DEPARTMENT TYPE,1,13,WAREHOUSE,WAREHOUSE,N,1,,,6,
COEO0030,DEPARTMENT TYPE,1,11,FACTORY,FACTORY,N,1,,,4,
COEO0030,DEPARTMENT TYPE,1,06,DEPARTMENT,DEPARTMENT,N,1,,,5,
COEO0030,DEPARTMENT TYPE,1,04,BIZ UNIT,BIZ UNIT,N,1,,,4,
COEO0030,DEPARTMENT TYPE,1,02,COMPANY,COMPANY,N,1,,,2,
COEO0040,DEPT APPOINTMENT TYPE,1,20,CHANGE SUPER DEPT,CHANGE SUPER DEPT,N,1,,,,
COEO0040,DEPT APPOINTMENT TYPE,1,10,NEW,NEW,N,1,,,,
COEO0040,DEPT APPOINTMENT TYPE,1,70,CHANGE BUDGET,CHANGE BUDGET,N,1,,,,
COEO0040,DEPT APPOINTMENT TYPE,1,60,CHANGE COMPANY,CHANGE COMPANY,N,1,,,,
COEO0040,DEPT APPOINTMENT TYPE,1,30,CHANGE CHIEF,CHANGE CHIEF,N,1,,,,
COEO0040,DEPT APPOINTMENT TYPE,1,50,CHANGE LOCATION,CHANGE LOCATION,N,1,,,,
COEO0040,DEPT APPOINTMENT TYPE,1,40,CHANGE NAME,CHANGE NAME,N,1,,,,
COEO0050,TAX OFFICE,1,11,HCM TAX,HCM TAX,N,1,,,,
COEO0050,TAX OFFICE,1,02,SEO CHO TAX,SEO CHO TAX,N,1,,,,
COEO0050,TAX OFFICE,1,01,EUMSUNG TAX,EUMSUNG TAX,N,1,,,,
COEO0050,TAX OFFICE,1,12,HANOI TAX,HANOI TAX,N,1,,,,
COEO0050,TAX OFFICE,1,13,DONGNAI TAX,DONGNAI TAX,N,1,,,,
COEO0060,HR CONFIRM TYPE,1,01,REGULAR ORGANIZATION,REGULAR ORGANIZATION,N,1,,,,
COEO0060,HR CONFIRM TYPE,1,02,TRANSFORMATION,TRANSFORMATION,N,1,,,,
COEO0060,HR CONFIRM TYPE,1,03,PERSONAL TRANSFORMATION,PERSONAL TRANSFORMATION,N,1,,,,
COFS0010,SYSTEM,10,CO,COMMON SYSTEM,COMMON SYSTEM,N,1,,,1,
COFS0010,SYSTEM,20,AC,ACCOUNTING,ACCOUNTING,N,1,,,2,
COFS0010,SYSTEM,30,TR,IMPORT/EXPORT,IMPORT/EXPORT,N,1,,,3,
COFS0010,SYSTEM,40,SA,SALE,SALE,N,1,,,4,
COFS0010,SYSTEM,50,PR,PRODUCTION,PRODUCTION,N,1,,,5,
COFS0010,SYSTEM,60,HR,HUMAN RESOURCE,HUMAN RESOURCE,N,1,,,8,
COFS0010,SYSTEM,70,GW,GROUPWARE,GROUPWARE,N,1,,,9,
COFS0020,SLIP PROCESS TYPE,10,AAGPG,DIRECT BILL,DIRECT BILL,N,1,,,,
COFS0020,SLIP PROCESS TYPE,20,AAGPY,EXPENDITURE BILL,EXPENDITURE BILL,N,1,,,,
COFS0020,SLIP PROCESS TYPE,30,ABFBP,FUND BILL PAYABLE,FUND BILL PAYABLE,N,1,,,,
COFS0020,SLIP PROCESS TYPE,40,ABFBR,FUND BILL RECEIVABLE,FUND BILL RECEIVABLE,N,1,,,,
COFS0020,SLIP PROCESS TYPE,50,ABFCH,FUND CASH,FUND CASH,N,1,,,,
COFS0020,SLIP PROCESS TYPE,60,ABFDP,FUND DEPOSIT,FUND DEPOSIT,N,1,,,,
COFS0020,SLIP PROCESS TYPE,70,ABFLN,FUND LOAN,FUND LOAN,N,1,,,,
COFS0020,SLIP PROCESS TYPE,80,ABFPY,FUND PAYTR,FUND PAYTR,N,1,,,,
COFS0020,SLIP PROCESS TYPE,90,SEBAR,ACCOUNT RECEIVABLE,ACCOUNT RECEIVABLE,N,1,,,,
COFS0020,SLIP PROCESS TYPE,100,SEBCM,COLLECTION OF MONEY,COLLECTION OF MONEY,N,1,,,,
COFS0020,SLIP PROCESS TYPE,110,SEBPF,PREBILL OF COLLECTION,PREBILL OF COLLECTION,N,1,,,,
COFS0020,SLIP PROCESS TYPE,120,SEBAP,ACCOUNT PAYABLE,ACCOUNT PAYABLE,N,1,,,,
COFS0030,MANUAL TYPE,1,10,MENU FORM,Menu Form,N,1,,,,
COFS0030,MANUAL TYPE,1,30,POPUP,Popup,N,1,,,,
COFS0030,MANUAL TYPE,1,20,PROCESS,Process,N,1,,,,
COFS0040,RELATION TYPE,1,10,DETAIL INFO,DETAIL INFO,N,1,,,,
COFS0040,RELATION TYPE,1,40,BIZ PREVIOUS PROCESS,BIZ PREVIOUS PROCESS,N,1,,,,
COFS0040,RELATION TYPE,1,20,LIST POPUP,LIST POPUP,N,1,,,,
COFS0040,RELATION TYPE,1,30,BIZ NEXT PROCESS,BIZ NEXT PROCESS,N,1,,,,
COFS0040,RELATION TYPE,1,50,ETC,ETC,N,1,,,,
CONN0010,COMMON UNIT FOR NAHNOOM,1,01,MTR,mtr,N,1,,,,
CONN0010,COMMON UNIT FOR NAHNOOM,1,02,PCS,pcs,N,1,,,,
CONN0020,COMMON POSITION,1,POS01,BODY,,N,1,,,,
CONN0020,COMMON POSITION,1,POS04,PIPING,,N,1,,,,
CONN0020,COMMON POSITION,1,POS02,COLFAR, INNER PCKS,,N,1,,,,
CONN0020,COMMON POSITION,1,POS03,FRONT,,N,1,,,,
EDI00100,PO PURPOSE,10,00,Original,,Y,1,,,,
EDI00100,PO PURPOSE,20,01,Cancellation,,N,1,,,,
EDI00100,PO PURPOSE,30,04,Change,,N,1,,,,
EDI00200,PURCHASE ORDER TYPE,10,BK,BlanketOrder,,N,1,,,,
EDI00200,PURCHASE ORDER TYPE,20,RL,ReleaseOrder,,N,1,,,,
EDI00200,PURCHASE ORDER TYPE,30,SA,StandAloneOrder,,N,1,,,,
EDI00200,PURCHASE ORDER TYPE,40,RD,ReleaseOrDeliveryOrder,,N,1,,,,
EDI00200,PURCHASE ORDER TYPE,50,NE,NewOrder,,N,1,,,,
EDI00200,PURCHASE ORDER TYPE,60,CP,PurchaseOrderChangeRequest,,N,1,,,,
EDI00200,PURCHASE ORDER TYPE,70,RE,Reorder,,N,1,,,,
EDI00300,ENTITY IDENTIFIER,10,BY,Buying Party,,N,1,,,,
EDI00350,CURRENCY CODE,10,USD,United States Dollars,,N,1,,,,
EDI00400,REFERENCE NUMBER QUALIFIER,10,DP,DepartmentNumber,,N,1,,,,
EDI00400,REFERENCE NUMBER QUALIFIER,20,IA,InternalVendorNumber,,N,1,,,,
EDI00500,SHIPMENT METHOD OF PAYMENT,10,CC,Collect,,N,1,,,,
EDI00500,SHIPMENT METHOD OF PAYMENT,20,DF,DefinedByBuyerAndSeller,,N,1,,,,
EDI00500,SHIPMENT METHOD OF PAYMENT,30,PC,PrepaidButChargedToCustomer,,N,1,,,,
EDI00500,SHIPMENT METHOD OF PAYMENT,40,PP,PrepaidBySeller,,N,1,,,,
EDI00600,LOCATION QUALIFIER,10,DE,Destination-Shipping,,N,1,,,,
EDI00600,LOCATION QUALIFIER,20,OR,Origin-ShippingPoint,,N,1,,,,
EDI00600,LOCATION QUALIFIER,30,PB,PortOfDischarge,,N,1,,,,
EDI00600,LOCATION QUALIFIER,40,PE,PortOfEntry,,N,1,,,,
EDI00700,TERMS TYPE CODE,10,02,EndOfMonth,,N,1,,,,
EDI00700,TERMS TYPE CODE,20,03,FixedDate,,N,1,,,,
EDI00700,TERMS TYPE CODE,30,05,DiscountNotApplicable,,N,1,,,,
EDI00700,TERMS TYPE CODE,40,08,BasicDiscountOffered,,N,1,,,,
EDI00700,TERMS TYPE CODE,50,14,PreviouslyAgreedUpon,,N,1,,,,
EDI00750,TERMS BASIS DATE CODE,10,2,DeliveryDate,,N,1,,,,
EDI00750,TERMS BASIS DATE CODE,20,3,InvoiceDate,,N,1,,,,
EDI00750,TERMS BASIS DATE CODE,30,4,SpecifiedDate,,N,1,,,,
EDI00750,TERMS BASIS DATE CODE,40,ZZ,MutuallyDefined,,N,1,,,,
EDI00760,PAYMENT METHOD CODE,10,C,PayByCheck,,N,1,,,,
EDI00800,DATE /TIME QUALIFIER,10,001,DoNotDeliverAfter,,N,1,,,,
EDI00800,DATE /TIME QUALIFIER,20,002,DoNotDeliverBefore,,N,1,,,,
EDI00800,DATE /TIME QUALIFIER,30,017,Estimated Delivery,,N,1,,,,
EDI00800,DATE /TIME QUALIFIER,40,011,Shipped,,N,1,,,,
EDI00900,ENTITY IDENTIFIER CODE,10,ST,Ship To,,N,1,,,,
EDI00900,ENTITY IDENTIFIER CODE,20,CT,Country of Origin,,N,1,,,,
EDI00900,ENTITY IDENTIFIER CODE,30,BY,Buying Party,,N,1,,,,
EDI00900,ENTITY IDENTIFIER CODE,40,NO,Notify Party,,N,1,,,,
EDI00950,IDENT CODE QUALIFIER,10,92,AssignedByBuyerOrBuyersAgent,,N,1,,,,
EDI00950,IDENT CODE QUALIFIER,20,91,AssignedBySellerOrSellersAgent,,N,1,,,,
EDI01000,ALLOW OR CHARGER INDICATOR,10,A,Allowance,,N,1,,,,
EDI01000,ALLOW OR CHARGER INDICATOR,20,C,Charge,,N,1,,,,
EDI01000,ALLOW OR CHARGER INDICATOR,30,N,No allowance/change,,N,1,,,,
EDI01000,ALLOW OR CHARGER INDICATOR,40,R,Allowance request,,N,1,,,,
EDI01100,SERV PRO ALLOW OR CHARGE CODE,10,B310,CommissionAmount,,N,1,,,,
EDI01100,SERV PRO ALLOW OR CHARGE CODE,20,B720,CooperativeAdvertisingAllowance,,N,1,,,,
EDI01100,SERV PRO ALLOW OR CHARGE CODE,30,C000,DefectiveAllowance,,N,1,,,,
EDI01100,SERV PRO ALLOW OR CHARGE CODE,40,D170,FreeGoods,,N,1,,,,
EDI01100,SERV PRO ALLOW OR CHARGE CODE,50,E750,NewStoreDiscount,,N,1,,,,
EDI01100,SERV PRO ALLOW OR CHARGE CODE,60,F050,Other,,N,1,,,,
EDI01100,SERV PRO ALLOW OR CHARGE CODE,70,F810,PromotionalDiscount,,N,1,,,,
EDI01100,SERV PRO ALLOW OR CHARGE CODE,80,ZZZZ,MutuallyDefined,,N,1,,,,
EDI01100,SERV PRO ALLOW OR CHARGE CODE,90,A260,AdvertisingAllowance,,N,1,,,,
EDI01100,SERV PRO ALLOW OR CHARGE CODE,100,D200,FreightChargesToDestination,,N,1,,,,
EDI01100,SERV PRO ALLOW OR CHARGE CODE,110,D240,Freight,,N,1,,,,
EDI01100,SERV PRO ALLOW OR CHARGE CODE,120,I170,TradeDiscount,,N,1,,,,
EDI01150,ALLOW/CHRGE PERCENT QUALIFIER,10,4,Discount-Net,,N,1,,,,
EDI01160,ALLOW/CHRGE METHOD OF HANDLING,10,02,OffInvoice,,N,1,,,,
EDI01160,ALLOW/CHRGE METHOD OF HANDLING,20,05,ChargeToBePaidByVendor,,N,1,,,,
EDI01200,UNIT/BASIS FOR VOLUME MSR,10,EA,Each,,N,1,,,,
EDI01200,UNIT/BASIS FOR VOLUME MSR,20,DZ,Dozen,,N,0,,,,
EDI01200,UNIT/BASIS FOR VOLUME MSR,30,OZ,Ounce,,N,0,,,,
EDI01200,UNIT/BASIS FOR VOLUME MSR,40,LB,Pounds,,Y,0,,,,
EDI01200,UNIT/BASIS FOR VOLUME MSR,50,FT,Feet,,N,0,,,,
EDI01200,UNIT/BASIS FOR VOLUME MSR,60,IN,Inches,,N,0,,,,
EDI01200,UNIT/BASIS FOR VOLUME MSR,70,PR,Pair,,N,0,,,,
EDI01200,UNIT/BASIS FOR VOLUME MSR,80,YD,Yard,,N,0,,,,
EDI01200,UNIT/BASIS FOR VOLUME MSR,90,CA,Carton,,N,0,,,,
EDI01200,UNIT/BASIS FOR VOLUME MSR,100,KG,Kilograms,,N,0,,,,
EDI01200,UNIT/BASIS FOR VOLUME MSR,110,CM,Cubic Metres,,N,1,,,,
EDI01201,UNIT/BASIS FOR NUMBER MSR,10,CA,Case,,N,1,,,,
EDI01201,UNIT/BASIS FOR NUMBER MSR,20,CT,Carton,,N,1,,,,
EDI01202,UNIT/BASIS FOR WEIGHT MSR,10,LB,Pounds,,N,1,,,,
EDI01202,UNIT/BASIS FOR WEIGHT MSR,20,KG,Kilograms,,N,1,,,,
EDI01210,CHANGE OR RESPONSE TYPE CODE,10,AI,AddAdditionalItems,,N,1,,,,
EDI01210,CHANGE OR RESPONSE TYPE CODE,20,DI,ItemDeleted,,N,1,,,,
EDI01210,CHANGE OR RESPONSE TYPE CODE,30,PC,PriceChanged,,N,1,,,,
EDI01210,CHANGE OR RESPONSE TYPE CODE,40,QD,QuantityDecrease,,N,1,,,,
EDI01210,CHANGE OR RESPONSE TYPE CODE,50,QI,Quantity Increase,,N,1,,,,
EDI01250,BASIS OF UNIT PRICE,10,LD,Catalog Price per Dozen,,N,1,,,,
EDI01250,BASIS OF UNIT PRICE,20,LE,Catalog Price per Each,,N,1,,,,
EDI01250,BASIS OF UNIT PRICE,30,PO,Price per Ounce,,N,1,,,,
EDI01250,BASIS OF UNIT PRICE,40,PP,Price per Pound,,N,1,,,,
EDI01250,BASIS OF UNIT PRICE,50,PR,Promotion,,N,1,,,,
EDI01250,BASIS OF UNIT PRICE,60,QT,Quoted,,N,1,,,,
EDI01260,PROD/SERV ID QUALIFIER,10,CB,Buyer Catalog Number,,N,1,,,,
EDI01260,PROD/SERV ID QUALIFIER,20,UP,UPC,,N,1,,,,
EDI01300,PRICE IDENTIFIER,10,MSR,ManufacturersSuggestedRetail,,N,1,,,,
EDI01300,PRICE IDENTIFIER,20,PRP,PromotionalPrice,,N,1,,,,
EDI01300,PRICE IDENTIFIER,30,RES,Resale,,N,1,,,,
EDI01300,PRICE IDENTIFIER,40,CPE,CatalogPricePerEach,,N,1,,,,
EDI01400,ITEM DESC TYPE,10,F,Free-form,,N,1,,,,
EDI01450,PROD/PROCESS CHARACTER,10,08,Product,,N,1,,,,
EDI01500,ASN HIERARCHICAL CODE,10,S,Shipment Level,,N,1,,,,
EDI01500,ASN HIERARCHICAL CODE,20,U,UnitLoad Level,,N,1,,,,
EDI01500,ASN HIERARCHICAL CODE,30,O,Order Level,,N,1,,,,
EDI01500,ASN HIERARCHICAL CODE,40,P,Pack Level,,N,1,,,,
EDI01500,ASN HIERARCHICAL CODE,50,I,Item Level,,N,1,,,,
EDI01600,PACKAGING CODE,10,CTN,Carton,,N,1,,,,
EDI01600,PACKAGING CODE,20,25,Corrugated or Solid,,N,1,,,,
EDI01600,PACKAGING CODE,30,CNT,Container,,N,1,,,,
EDI01610,WEIGHT QUALIFIER,10,G,Gross Weight,,N,1,,,,
EDI01700,ROUTING SEQ CODE,10,O,Original Carrier,,N,1,,,,
EDI01710,TRANSPORT METHOD,10,VL,Vessel,,N,1,,,,
EDI01710,TRANSPORT METHOD,20,TR,Trailer,,N,1,,,,
EDI01800,REF IDENTIFICATION QUALIFIER,10,BM,Bill of Lading Number,,N,1,,,,
EDI01800,REF IDENTIFICATION QUALIFIER,20,CN,Carrier's Ref Number,,N,1,,,,
EDI01900,EQUIPMENT DESC,10,20,20 ft container (open top),,N,1,,,,
EDI01900,EQUIPMENT DESC,20,2B,20 ft container (close top),,N,1,,,,
EDI01900,EQUIPMENT DESC,30,40,40 ft container (open top),,N,1,,,,
EDI01900,EQUIPMENT DESC,40,4B,40 ft container (close top),,N,1,,,,
EDI01900,EQUIPMENT DESC,50,CN,Container,,N,1,,,,
EDI01900,EQUIPMENT DESC,60,CZ,Refrigerated Container,,N,1,,,,
EDI02000,MARKS NUMBERS QUALIFIER,10,CP,Carrier Assigned Package ID,,N,1,,,,
EDI02000,MARKS NUMBERS QUALIFIER,20,GM,SSCC-18 and Application ID,,N,1,,,,
EDI02100,CARRIER TRANSPORT TYPE,10,L,Contract Carrier,,N,1,,,,
EDI02100,CARRIER TRANSPORT TYPE,20,M,Motor (Common Carrier),,N,1,,,,
EDI02100,CARRIER TRANSPORT TYPE,30,P,Private Carrier,,N,1,,,,
EDI02100,CARRIER TRANSPORT TYPE,40,U,Private Parcel Service,,N,1,,,,
EDI02110,CARRIER REF QUALIFIER,10,08,Carrier Assigned ID,,N,1,,,,
EDI02110,CARRIER REF QUALIFIER,20,97,Package Number,,N,1,,,,
EDI02110,CARRIER REF QUALIFIER,30,BM,Bill of Lading Number,,N,1,,,,
EDI02110,CARRIER REF QUALIFIER,40,CN,Carrier's Ref Number,,N,1,,,,
FUAB0010,BANK LIST,10,AAA,AAAHCM,rr,N,1,,,,
FUAB0010,BANK LIST,20,ASD,FFF,fff,N,1,,,,
FUAB0020,DEPOSIT,0,10,CHECKING ACCOUNT DEPOSIT,Checking account deposit,N,1,,,,
FUAB0020,DEPOSIT,0,20,ORDINARY DEPOSIT,ordinary deposit,N,1,VND,,,
FUAB0020,DEPOSIT,0,50,FOREIGN CURRENCY DEPOSIT,Foreign currency deposit,N,1,,,,
FUAB0020,DEPOSIT,0,30,INSTALLMENT DEPOSIT,Installment deposit,N,1,VND,,,
FUAB0020,DEPOSIT,1,40,FIXED DEPOSIT,Fixed deposit,N,1,,,,
FUAB0030,INTEREST KIND,1,0,FLOATING INTEREST,Floating Interest,N,1,,,,
FUAB0030,INTEREST KIND,1,1,FIXED INTEREST,Fixed Interest,N,1,,,,
FUAB0040,MAPPING BANK CODE (ACCOUNT),10,VND01,1001127389,1001127389,N,1,,,,
FUAB0040,MAPPING BANK CODE (ACCOUNT),20,USD01,1001127398,1001127398,N,1,,,,
FUAB0045,GROUP MAPPING BANK CODE,10,112100,VND IN BANK,VND IN BANK,N,1,,,,
FUAB0045,GROUP MAPPING BANK CODE,20,112200,FOREIGN CURRENCY IN BANK,FOREIGN CURRENCY IN BANK,N,1,,,,
FUAB0045,GROUP MAPPING BANK CODE,30,112000,CASH IN BANK,CASH IN BANK,N,0,,,,
GWBS0010,SCHEDULE PLAN TYPE,1,W,WEEKLY,Weekly,N,1,,,1,
GWBS0010,SCHEDULE PLAN TYPE,1,M,MONTHLY,Monthly,N,1,,,2,
GWBS0010,SCHEDULE PLAN TYPE,1,Y,YEARLY,Yearly,N,1,,,3,
GWBS0010,SCHEDULE PLAN TYPE,1,R,ROUTINE,Routine,N,1,,,4,
GWBS0011,TIMEUNIT,1,01,MONTHLY,MONTHLY,N,1,,,,
GWBS0011,TIMEUNIT,1,02,WEEKLY,WEEKLY,N,1,,,,
GWBS0011,TIMEUNIT,1,03,DAILY,DAILY,N,1,,,,
GWBS0011,TIMEUNIT,1,12,WEEKLY,WEEKLY,N,1,,,,
GWBS0011,TIMEUNIT,1,13,DAILY,DAILY,N,1,,,,
GWBS0011,TIMEUNIT,1,23,DAILY,DAILY,N,1,,,,
GWBS0020,SCHEDULE STATUS,1,P,PRIVATE,PRIVATE,N,1,,,1,
GWBS0020,SCHEDULE STATUS,1,A,REQ APPROVAL,REQ APPROVAL,N,0,,,2,
GWBS0020,SCHEDULE STATUS,1,T,TURN DOWN,TURN DOWN,N,0,,,4,
GWBS0020,SCHEDULE STATUS,1,C,CONFIRMED,CONFIRMED,N,1,,,3,
GWBS0020,SCHEDULE STATUS,1,F,FINISHED,FINISHED,N,1,,,5,
GWBS0030,SCHEDULE PRIORITY,1,01,URGENT,URGENT,N,1,,,,
GWBS0030,SCHEDULE PRIORITY,1,02,NORMAL A,NORMAL A,N,1,,,,
GWBS0030,SCHEDULE PRIORITY,1,03,NORMAL B,NORMAL B,N,1,,,,
GWBS0030,SCHEDULE PRIORITY,1,04,NORMAL C,NORMAL C,N,1,,,,
GWBS0030,SCHEDULE PRIORITY,1,05,LOW,LOW,N,1,,,,
GWBS0040,PLAN/UNPLAN,1,Y,PLAN,PLAN,N,1,,,1,
GWBS0040,PLAN/UNPLAN,1,N,UNPLAN,UNPLAN,N,1,,,2,
GWBS0050,p,1,F,FINISHED,FINISHED,N,1,,,1,
GWBS0050,p,1,N,NOT,NOT,N,1,,,2,
GWBS0050,p,1,C,CONTINUE,CONTINUE,N,1,,,3,
GWBS0060,VTIMEIRTUAL TIME,1,0700,07:00,07:00,N,1,,,,
GWBS0060,VTIMEIRTUAL TIME,1,0730,07:30,07:30,N,1,,,,
GWBS0060,VTIMEIRTUAL TIME,1,0800,08:00,08:00,N,1,,,,
GWBS0060,VTIMEIRTUAL TIME,1,0830,08:30,08:30,N,1,,,,
GWBS0060,VTIMEIRTUAL TIME,1,0900,09:00,09:00,N,1,,,,
GWBS0060,VTIMEIRTUAL TIME,1,0930,09:30,09:30,N,1,,,,
GWBS0060,VTIMEIRTUAL TIME,1,1000,10:00,10:00,N,1,,,,
GWBS0060,VTIMEIRTUAL TIME,1,1030,10:30,10:30,N,1,,,,
GWBS0060,VTIMEIRTUAL TIME,1,1100,11:00,11:00,N,1,,,,
GWBS0060,VTIMEIRTUAL TIME,1,1130,11:30,11:30,N,1,,,,
GWBS0060,VTIMEIRTUAL TIME,1,1200,12:00,12:00,N,1,,,,
GWBS0060,VTIMEIRTUAL TIME,1,1230,12:30,12:30,N,1,,,,
GWBS0060,VTIMEIRTUAL TIME,1,1300,13:00,13:00,N,1,,,,
GWBS0060,VTIMEIRTUAL TIME,1,1330,13:30,13:30,N,1,,,,
GWBS0060,VTIMEIRTUAL TIME,1,1400,14:00,14:00,N,1,,,,
GWBS0060,VTIMEIRTUAL TIME,1,1430,14:30,14:30,N,1,,,,
GWBS0060,VTIMEIRTUAL TIME,1,1500,15:00,15:00,N,1,,,,
GWBS0060,VTIMEIRTUAL TIME,1,1530,15:30,15:30,N,1,,,,
GWBS0060,VTIMEIRTUAL TIME,1,1600,16:00,16:00,N,1,,,,
GWBS0060,VTIMEIRTUAL TIME,1,1630,16:30,16:30,N,1,,,,
GWBS0060,VTIMEIRTUAL TIME,1,1700,17:00,17:00,N,1,,,,
GWBS0060,VTIMEIRTUAL TIME,1,1730,17:30,17:30,N,1,,,,
GWBS0060,VTIMEIRTUAL TIME,1,1800,18:00,18:00,N,1,,,,
GWBS0060,VTIMEIRTUAL TIME,1,1830,18:30,18:30,N,1,,,,
GWBS0060,VTIMEIRTUAL TIME,1,1900,19:00,19:00,N,1,,,,
GWBS0060,VTIMEIRTUAL TIME,1,1930,19:30,19:30,N,1,,,,
GWBS0060,VTIMEIRTUAL TIME,1,2000,20:00,20:00,N,1,,,,
GWBS0060,VTIMEIRTUAL TIME,1,2030,20:30,20:30,N,1,,,,
GWBS0060,VTIMEIRTUAL TIME,1,2100,21:00,21:00,N,1,,,,
GWBS0060,VTIMEIRTUAL TIME,1,2130,21:30,21:30,N,1,,,,
GWBS0060,VTIMEIRTUAL TIME,1,2200,22:00,22:00,N,1,,,,
GWBS0060,VTIMEIRTUAL TIME,1,2230,22:30,22:30,N,1,,,,
GWBS0060,VTIMEIRTUAL TIME,1,2300,23:00,23:00,N,1,,,,
GWBS0060,VTIMEIRTUAL TIME,1,2330,23:30,23:30,N,1,,,,
GWBS0060,VTIMEIRTUAL TIME,1,2400,24:00,24:00,N,1,,,,
GWBS0070,MASTER ATTACH TYPE,1,P,PLAN,PLAN,N,1,,,,
GWBS0070,MASTER ATTACH TYPE,1,A,ACHIEVEMENT,ACHIEVEMENT,N,1,,,,
GWBS0070,MASTER ATTACH TYPE,1,D,DAILY_PLAN,DAILY_PLAN,N,1,,,,
GWBS0070,MASTER ATTACH TYPE,1,F,FINISH,FINISH,N,1,,,,
GWDA0010,APPROVAL LEVEL,1,6,TEAM MANAGER,TEAM MANAGER,N,1,,,,
GWDA0010,APPROVAL LEVEL,1,5,DEPARTMENT MANAGER,DEPARTMENT MANAGER,N,1,,,,
GWDA0010,APPROVAL LEVEL,1,4,(BIZ)UNIT  DIRECTOR,(BIZ)UNIT  DIRECTOR,N,1,,,,
GWDA0010,APPROVAL LEVEL,1,3,DIVISION DIRECTOR,DIVISION DIRECTOR,N,1,,,,
GWDA0010,APPROVAL LEVEL,1,2,COMPANY GD,COMPANY GD,N,1,,,,
GWDA0010,APPROVAL LEVEL,1,1,GENERAL DIRECTOR,GENERAL DIRECTOR,N,1,,,,
HRAB0010,EMP STATUS,1,A,ACTIVE,ACTIVE,N,1,,,,
HRAB0010,EMP STATUS,1,R,RESIGN,RESIGN,N,1,,,,
HRAB0010,EMP STATUS,1,S,STOP WORK,STOP WORK,N,1,,,,
HRAB0020,HHT(Health History Type),1,GTH,Go To Hospital,Go To Hospital,N,1,,,,
HRAB0020,HHT(Health History Type),1,HOM,HOME,Home,N,1,,,,
HRAB0020,HHT(Health History Type),1,tes,TES,test,N,1,,,,
HRAB0030,KLB(KIND OF LABOUR CONTRACT),10,1,First 1 year Labour Contract,HĐ1,N,1,,,,
HRAB0030,KLB(KIND OF LABOUR CONTRACT),20,3,Indefinite Labour Contract,VTH,N,1,,,,
HRAB0030,KLB(KIND OF LABOUR CONTRACT),30,0,Probation Labour Contract,TV,N,1,,,,
HRAB0030,KLB(KIND OF LABOUR CONTRACT),40,2,Second 1 year Labour Contract,HĐ2,N,1,,,,
HRAB0040,GRP(Group Code),10,A,ACCOUNTANT,ACCOUNTANT,N,1,,,,
HRAB0040,GRP(Group Code),20,AA,LINE F,LINE F,N,1,,,,
HRAB0040,GRP(Group Code),30,AB,LINE G,LINE G,N,1,,,,
HRAB0040,GRP(Group Code),40,AC,LINE H,LINE H,N,1,,,,
HRAB0040,GRP(Group Code),50,AD,LINE UT,LINE UT,N,1,,,,
HRAB0040,GRP(Group Code),60,AE,MAINTENANCE,MAINTENANCE,N,1,,,,
HRAB0040,GRP(Group Code),70,AF,Material,Material,N,0,,,,
HRAB0040,GRP(Group Code),80,AG,NETWORK,NETWORK,N,1,,,,
HRAB0040,GRP(Group Code),90,AH,NURSE,NURSE,N,1,,,,
HRAB0040,GRP(Group Code),100,AI,OFFICE,OFFICE,N,1,,,,
HRAB0040,GRP(Group Code),110,AJ,PACKING,PACKING,N,0,,,,
HRAB0040,GRP(Group Code),120,AK,Pre C,Pre C,N,0,,,,
HRAB0040,GRP(Group Code),130,AL,Pre A,Pre A,N,0,,,,
HRAB0040,GRP(Group Code),140,AM,Pre B,Pre B,N,0,,,,
HRAB0040,GRP(Group Code),150,AN,Pre Ut1,Pre Ut1,N,0,,,,
HRAB0040,GRP(Group Code),160,AO,PROD CONTROL,PROD CONTROL,N,0,,,,
HRAB0040,GRP(Group Code),170,AP,PROD STAFF,PROD STAFF,N,1,,,,
HRAB0040,GRP(Group Code),180,AQ,Qc,Qc,N,1,,,,
HRAB0040,GRP(Group Code),190,AR,QC STAFF,QC STAFF,N,1,,,,
HRAB0040,GRP(Group Code),200,AS,TECHNICAL,TECHNICAL,N,1,,,,
HRAB0040,GRP(Group Code),210,AT,WAREHOUSE,WAREHOUSE,N,1,,,,
HRAB0040,GRP(Group Code),220,AU,Qc Manager,Qc Manager,N,1,,,,
HRAB0040,GRP(Group Code),230,AV,Single Machine,Single Machine,N,0,,,,
HRAB0040,GRP(Group Code),240,AW,Patch,Patch,N,0,,,,
HRAB0040,GRP(Group Code),250,AX,Pre Ut2,Pre Ut2,N,0,,,,
HRAB0040,GRP(Group Code),260,AY,Pre D,Pre D,N,0,,,,
HRAB0040,GRP(Group Code),270,B,CLEANER,CLEANER,N,1,,,,
HRAB0040,GRP(Group Code),280,D,CUTTING,CUTTING,N,1,,,,
HRAB0040,GRP(Group Code),290,E,DORMITORY,DORMITORY,N,1,,,,
HRAB0040,GRP(Group Code),300,F,DRIVER,DRIVER,N,1,,,,
HRAB0040,GRP(Group Code),310,G,EMBROIDERY,EMBROIDERY,N,1,,,,
HRAB0040,GRP(Group Code),320,H,EMBROIDERY A,EMBROIDERY A,N,1,,,,
HRAB0040,GRP(Group Code),330,I,EMBROIDERY B,EMBROIDERY B,N,1,,,,
HRAB0040,GRP(Group Code),340,J,EMBROIDERY C,EMBROIDERY C,N,1,,,,
HRAB0040,GRP(Group Code),350,K,ENVIROMENT,ENVIROMENT,N,1,,,,
HRAB0040,GRP(Group Code),360,L,EYELET,EYELET,N,1,,,,
HRAB0040,GRP(Group Code),370,M,HR/GA,HR/GA,N,1,,,,
HRAB0040,GRP(Group Code),380,N,IM/EX,IM/EX,N,1,,,,
HRAB0040,GRP(Group Code),390,O,INSPECTION A,INSPECTION A,N,1,,,,
HRAB0040,GRP(Group Code),400,P,INSPECTION B,INSPECTION B,N,1,,,,
HRAB0040,GRP(Group Code),410,Q,INSPECTION C,INSPECTION C,N,1,,,,
HRAB0040,GRP(Group Code),420,R,INSPECTION F,INSPECTION F,N,1,,,,
HRAB0040,GRP(Group Code),430,S,INSPECTION G,INSPECTION G,N,1,,,,
HRAB0040,GRP(Group Code),440,T,INSPECTION H,INSPECTION H,N,1,,,,
HRAB0040,GRP(Group Code),450,U,INSPECTION T,INSPECTION T,N,1,,,,
HRAB0040,GRP(Group Code),460,UV,PRINT,PRINT,N,1,,,,
HRAB0040,GRP(Group Code),470,UY,LINE D,LINE D,N,1,,,,
HRAB0040,GRP(Group Code),480,V,Ins Ut,Ins Ut,N,1,,,,
HRAB0040,GRP(Group Code),490,W,INTERPRETER,INTERPRETER,N,1,,,,
HRAB0040,GRP(Group Code),500,X,LINE A,LINE A,N,1,,,,
HRAB0040,GRP(Group Code),510,Y,LINE B,LINE B,N,1,,,,
HRAB0040,GRP(Group Code),520,Z,LINE C,LINE C,N,1,,,,
HRAB0040,GRP(Group Code),530,DFG,fgsg,fsgdfg,Y,1,,,,
HRAB0040,GRP(Group Code),540,HRD,Human Relation,Human Relation,N,1,,,,
HRAB0050,BNS(Bonus Type),10,GRB,General Bonus,Thưởng bình thường,N,1,,,,
HRAB0050,BNS(Bonus Type),20,HOB,Holiday Bonus,Thưởng lễ,N,1,,,,
HRAB0050,BNS(Bonus Type),30,OTB,Other Bonus,Thưởng khác,N,1,,,,
HRAB0050,BNS(Bonus Type),40,PMB,Promotion Bonus,Thưởng thăng chức,N,1,,,,
HRAB0050,BNS(Bonus Type),50,SPB,Special Bonus,Thưởng đặc biệt,N,1,,,,
HRAB0050,BNS(Bonus Type),60,YEB,Year End Bonus,Thưởng cuối năm,N,1,,,,
HRAB0060,POS(Postion),0,HRM,HR Manager Asst,HR Manager Asst,N,1,,,,
HRAB0060,POS(Postion),0,SEM,Senior Manager,Senior Manager,N,1,,,,
HRAB0060,POS(Postion),0,PRL,Project Leader,Project Leader,N,1,,,,
HRAB0060,POS(Postion),0,CCT,Concurrent,Concurrent,N,1,,,,
HRAB0060,POS(Postion),0,ASS,Assistant Supervisor,Assistant Supervisor,N,1,,,,
HRAB0060,POS(Postion),0,CHE,Chief Engineer,Chief Engineer,N,1,,,,
HRAB0060,POS(Postion),0,ASM,Assistant Manager,Assistant Manager,N,1,,,,
HRAB0060,POS(Postion),0,GDA,GD Assistant,GD Assistant,N,1,,,,
HRAB0060,POS(Postion),0,QAM,QA Manager,QA Manager,N,1,,,,
HRAB0060,POS(Postion),0,QAMA,QA Manager Asst,QA Manager Asst,N,1,,,,
HRAB0060,POS(Postion),0,SS,Senior Supervisor,Senior Supervisor,N,1,,,,
HRAB0060,POS(Postion),0,PMA,Pro.Manager Asst,Pro.Manager Asst,N,1,,,,
HRAB0060,POS(Postion),0,AM,ACC Manager,ACC Manager,N,1,,,,
HRAB0060,POS(Postion),10,P,Worker,Công nhân,N,1,,,,
HRAB0060,POS(Postion),20,O,Technical,Kỷ thuật viên,N,1,,,,
HRAB0060,POS(Postion),30,SU,Supervisor,Giám sát,N,1,,,,
HRAB0060,POS(Postion),40,M,Staff,Nhân viên,N,1,,,,
HRAB0060,POS(Postion),50,L,Secretary,Thư ký,N,1,,,,
HRAB0060,POS(Postion),60,RIV,Rivet,Đóng nút,N,1,,,,
HRAB0060,POS(Postion),70,REC,Reception,Tiếp tân,N,1,,,,
HRAB0060,POS(Postion),80,X,Receiver,Giao nhận,N,1,,,,
HRAB0060,POS(Postion),90,S,QC,QC,N,1,,,,
HRAB0060,POS(Postion),100,QA,QA,QA,N,1,,,,
HRAB0060,POS(Postion),110,PL,Production Plan,nhân viên sản xuất,N,1,,,,
HRAB0060,POS(Postion),120,PM,Production Manager,Quản lý xưởng,N,1,,,,
HRAB0060,POS(Postion),130,PAC,Packing,Đóng gói,N,1,,,,
HRAB0060,POS(Postion),140,I,Nurse,Y tá,N,1,,,,
HRAB0060,POS(Postion),150,MB,Manager,Quản lý,N,1,,,,
HRAB0060,POS(Postion),160,N,Leader,Tổ trưởng,N,1,,,,
HRAB0060,POS(Postion),170,IT,IT Staff,Nhân viên IT,N,1,,,,
HRAB0060,POS(Postion),180,F,Interpreter,Thông dịch,N,1,,,,
HRAB0060,POS(Postion),190,HA,HR Manager,Quản lý nhân sự,N,1,,,,
HRAB0060,POS(Postion),200,D,Group Leader,Tổ trưởng chuyền,N,1,,,,
HRAB0060,POS(Postion),210,GM,Genaral Manager,Quản lý,N,1,,,,
HRAB0060,POS(Postion),220,FAC,Factory Manager,Giám đốc sản xuất,N,1,,,,
HRAB0060,POS(Postion),230,EI,Ex-Im,Xuất nhập khẩu,N,1,,,,
HRAB0060,POS(Postion),240,ELE,Electrician,Thợ điện,N,1,,,,
HRAB0060,POS(Postion),250,E,Driver,Lái xe,N,1,,,,
HRAB0060,POS(Postion),260,Q,Doctor,Bác sỹ,N,1,,,,
HRAB0060,POS(Postion),270,CO,Counter,Thống kê,N,1,,,,
HRAB0060,POS(Postion),280,COK,Cooker,Nấu ăn,N,1,,,,
HRAB0060,POS(Postion),290,B,Cleaner,Tạp vụ,N,1,,,,
HRAB0060,POS(Postion),300,CHI,Chief Accountant,Kế toán trưởng,N,1,,,,
HRAB0060,POS(Postion),310,MA,Chief Accountance,Kế toán trưởng,N,1,,,,
HRAB0060,POS(Postion),320,G,Chief,Trưởng phòng,N,1,,,,
HRAB0060,POS(Postion),330,A,Assistant,Trợ lý,N,1,,,,
HRAB0060,POS(Postion),340,ACC,Accountant,Kế toán,N,1,,,,
HRAB0060,POS(Postion),350,SUBL,Sub Leader,Tổ Phó,N,1,,,,
HRAB0060,POS(Postion),360,SUBW,Sub-worker,Thợ phụ,N,1,,,,
HRAB0060,POS(Postion),370,PACK,Packing,Đóng gói,N,1,,,,
HRAB0060,POS(Postion),380,RIVE,Rivet,Đóng nút,N,1,,,,
HRAB0060,POS(Postion),390,BOND,Bonding,Ép keo,N,1,,,,
HRAB0070,COM(Com_Code),1,HCM,Hochiminh,Hochiminh,N,1,,,,
HRAB0070,COM(Com_Code),1,LTC,Loteco Factory,Loteco Factory,N,1,,,,
HRAB0070,COM(Com_Code),1,HAN,Hanoi,Hanoi,N,1,,,,
HRAB0070,COM(Com_Code),1,DNI,Dongnai,Dongnai,N,1,,,,
HRAB0070,COM(Com_Code),1,D12,Dist 121,Dist 121,N,1,,,,
HRAB0070,COM(Com_Code),1,D11,Dist 11,Dist 11,N,1,,,,
HRAB0080,NAT(Nation),0,VIE,Vietnam,Việt Nam,N,1,,,,
HRAB0080,NAT(Nation),1,BUL,Bulgaria,Bulgaria,N,1,,,,
HRAB0080,NAT(Nation),1,CHI,China,China,N,1,,,,
HRAB0080,NAT(Nation),1,DEN,Denmark,Denmark,N,1,,,,
HRAB0080,NAT(Nation),1,NOR,Norway,Norway,N,1,,,,
HRAB0080,NAT(Nation),1,MYA,Myanmar,Myanmar,N,1,,,,
HRAB0080,NAT(Nation),1,KOR,Korea,Korea,N,1,,,,
HRAB0080,NAT(Nation),1,KEN,Kenya,Kenya,N,1,,,,
HRAB0080,NAT(Nation),1,JAP,Japan,Japan,N,1,,,,
HRAB0080,NAT(Nation),1,IND,Indonesia,Indonesia,N,1,,,,
HRAB0080,NAT(Nation),1,HON,Hong Kong,Hong Kong,N,1,,,,
HRAB0080,NAT(Nation),1,FRA,France,France,N,1,,,,
HRAB0080,NAT(Nation),1,FIL,Filand,Filand,N,1,,,,
HRAB0080,NAT(Nation),1,USA,The United States,The United States,N,1,,,,
HRAB0080,NAT(Nation),1,TUR,Turkey,Turkey,N,1,,,,
HRAB0080,NAT(Nation),1,TIW,Tiwan,Tiwan,N,1,,,,
HRAB0080,NAT(Nation),1,TAN,Tanzania,Tanzania,N,1,,,,
HRAB0080,NAT(Nation),1,SWI,Switzerland,Switzerland,N,1,,,,
HRAB0080,NAT(Nation),1,SWE,Sweden,Sweden,N,1,,,,
HRAB0080,NAT(Nation),1,SPA,Spain,Spain,N,1,,,,
HRAB0080,NAT(Nation),1,POR,Portugal,Portugal,N,1,,,,
HRAB0090,CTY(City),10,ANG,An Giang,An Giang,N,1,,,,
HRAB0090,CTY(City),20,BHO,Biên Hoà,Biên Hòa,N,1,,,,
HRAB0090,CTY(City),30,BLO,Bảo Lộc,Bảo Lộc,N,1,,,,
HRAB0090,CTY(City),40,CTH,Cần Thơ,Cần Thơ,N,1,,,,
HRAB0090,CTY(City),50,DLA,Đà Lạt,Đà Lạt,N,1,,,,
HRAB0090,CTY(City),60,HAN,Hà Nội,Hà Nội,N,1,,,,
HRAB0090,CTY(City),70,HAP,Hải Phòng,Hải Phòng,N,1,,,,
HRAB0090,CTY(City),80,HCM,Hải Phòng,Hải Phòng,N,1,,,,
HRAB0090,CTY(City),90,HUE,Huế,Huế,N,1,,,,
HRAB0090,CTY(City),100,MTH,Mỹ Tho,Mỹ Tho,N,1,,,,
HRAB0090,CTY(City),110,QNH,Quy Nhơn,Quy Nhơn,N,1,,,,
HRAB0090,CTY(City),120,TGA,Tiền Giang,Tiền Giang,N,1,,,,
HRAB0090,CTY(City),130,VNH,Vinh,Vinh,N,1,,,,
HRAB0090,CTY(City),140,VTA,Vũng Tàu,Vũng Tàu,N,1,,,,
HRAB0090,CTY(City),150,BD,Bình Dương,Bình Dương,N,1,,,,
HRAB0100,JOB(Job),10,0401,General Director,Tổng Giám đốc,N,1,,,,
HRAB0100,JOB(Job),20,0402,General Manager,Phó Tổng Giám đốc,N,1,,,,
HRAB0100,JOB(Job),30,0403,Production Management,Quản lý Sản xuất,N,1,,,,
HRAB0100,JOB(Job),40,0405,Research & Development,Nghiên cứu phát triển,N,1,,,,
HRAB0100,JOB(Job),50,0406,Planing,Kế hoạch,N,1,,,,
HRAB0100,JOB(Job),60,0407,Orders Control,Quản lý đơn hàng,N,1,,,,
HRAB0100,JOB(Job),70,0408,Marketing,Kinh doanh tiếp thị,N,1,,,,
HRAB0100,JOB(Job),80,0409,Human Resource,Quản lý nhân sự,N,1,,,,
HRAB0100,JOB(Job),90,0410,Administration,Quản trị Hành chánh,N,1,,,,
HRAB0100,JOB(Job),100,0411,Education & Training,Huấn luyện Đào tạo,N,1,,,,
HRAB0100,JOB(Job),110,0412,Health Care,Chăm sóc sức khỏe,N,1,,,,
HRAB0100,JOB(Job),120,0413,Cooking,Phục vụ nhà ăn,N,1,,,,
HRAB0100,JOB(Job),130,0414,Security,An ninh nhà máy,N,1,,,,
HRAB0100,JOB(Job),140,0415,Driving,Lái xe,N,1,,,,
HRAB0100,JOB(Job),150,0416,Secretary,Thư ký,N,1,,,,
HRAB0100,JOB(Job),160,0417,Reception,Tiếp tân,N,1,,,,
HRAB0100,JOB(Job),170,0418,Accounting,Kế toán,N,1,,,,
HRAB0100,JOB(Job),180,0419,Costing,Chi phí sản xuất,N,1,,,,
HRAB0100,JOB(Job),190,0420,Sales,Kinh doanh,N,1,,,,
HRAB0100,JOB(Job),200,0421,Local Sourcing,Vật tư nội địa,N,1,,,,
HRAB0100,JOB(Job),210,0422,Oversea Sourcing,Vật tư nước ngoài,N,1,,,,
HRAB0100,JOB(Job),220,0423,Developing,Phát tiển,N,1,,,,
HRAB0100,JOB(Job),230,0424,Export,Xuất khẩu,N,1,,,,
HRAB0100,JOB(Job),240,0425,Import,Nhập khẩu,N,1,,,,
HRAB0100,JOB(Job),250,0426,Materials Control,Theo dõi vật tư,N,1,,,,
HRAB0100,JOB(Job),260,0427,Quota Control,Theo dõi đơn hàng,N,1,,,,
HRAB0100,JOB(Job),270,0428,Quality Assurance,Đảm bảo chất lượng,N,1,,,,
HRAB0100,JOB(Job),280,0429,Quality Control,Quản lý chất lượng,N,1,,,,
HRAB0100,JOB(Job),290,0430,IQC,Kiểm tra chất lượng đầu vào,N,1,,,,
HRAB0100,JOB(Job),300,0431,OQC,Kiểm tra chất lượng trên chuyền,N,1,,,,
HRAB0100,JOB(Job),310,0432,Reliability,Thử nghiệm,N,1,,,,
HRAB0100,JOB(Job),320,0433,Production Supervising,Giám sát sản xuất,N,1,,,,
HRAB0100,JOB(Job),330,0434,Production,Sản xuất,N,1,,,,
HRAB0100,JOB(Job),340,0435,Factory Automation,Kỹ thuật sản xuất xưởng,N,1,,,,
HRAB0100,JOB(Job),350,0436,Process Control,Theo dõi công đoạn,N,1,,,,
HRAB0100,JOB(Job),360,0437,Maintenance,Bảo dưỡng máy móc,N,1,,,,
HRAB0100,JOB(Job),370,0438,Tools Control,Bảo dưỡng công cụ,N,1,,,,
HRAB0100,JOB(Job),380,0439,IT,Quản trị mạng,N,1,,,,
HRAB0100,JOB(Job),390,0442,Cleaning,Vệ sinh,N,1,,,,
HRAB0100,JOB(Job),400,0443,Gardening,Chăm sóc nhà xưởng,N,1,,,,
HRAB0100,JOB(Job),410,0444,Interpreter,Phiên dịch,N,1,,,,
HRAB0100,JOB(Job),420,0445,Sewing,May,N,1,,,,
HRAB0100,JOB(Job),430,0446,Cutting,Cắt,N,1,,,,
HRAB0100,JOB(Job),440,0447,Counter,Thống kê,N,1,,,,
HRAB0100,JOB(Job),450,0448,Design,Thiết kế,N,1,,,,
HRAB0100,JOB(Job),460,0449,Diagram,Sơ đồ,N,1,,,,
HRAB0100,JOB(Job),470,0450,Sample,May mẫu,N,1,,,,
HRAB0100,JOB(Job),480,0451,Repair Elec,Bảo trì điện,N,1,,,,
HRAB0100,JOB(Job),490,0452,Repair Machine,Bảo trì máy may,N,1,,,,
HRAB0100,JOB(Job),500,0453,Holding,Đóng gói,N,1,,,,
HRAB0100,JOB(Job),510,0454,Packing,Đóng thùng,N,1,,,,
HRAB0100,JOB(Job),520,0455,Iron,Ủi,N,1,,,,
HRAB0100,JOB(Job),530,0456,Im/Export,Xuất nhập khẩu,N,1,,,,
HRAB0100,JOB(Job),540,0458,Leader,Tổ phó,N,1,,,,
HRAB0100,JOB(Job),550,0459,Line Leader,Tổ trưởng,N,1,,,,
HRAB0100,JOB(Job),560,0460,Group Leader,Chuyền trưởng,N,1,,,,
HRAB0100,JOB(Job),570,0461,Nurse,Y tá,N,1,,,,
HRAB0100,JOB(Job),580,0462,Cashier,Thủ quỷ,N,1,,,,
HRAB0100,JOB(Job),590,0463,Sourcing Management,Quản lý vật tư,N,1,,,,
HRAB0100,JOB(Job),600,0464,Purchasing,Purchasing,N,1,,,,
HRAB0100,JOB(Job),610,0466,Merchandise,Merchandise,N,1,,,,
HRAB0100,JOB(Job),620,0467,LAB,LAB,N,1,,,,
HRAB0100,JOB(Job),630,0468,Lean,Lean,N,1,,,,
HRAB0100,JOB(Job),640,0469,PPS,PPS,N,1,,,,
HRAB0100,JOB(Job),650,0470,CAD,CAD,N,1,,,,
HRAB0100,JOB(Job),660,0471,ASIS,ASIS,N,1,,,,
HRAB0100,JOB(Job),670,0472,General worker,Lao động phổ thông,N,1,,,,
HRAB0100,JOB(Job),680,0473,Helper,Phụ việc,N,1,,,,
HRAB0100,JOB(Job),690,0474,Apprentice,Học việc,N,1,,,,
HRAB0100,JOB(Job),700,0475,Electrician,Thợ điện,N,1,,,,
HRAB0100,JOB(Job),710,0476,Scan,Scan,N,1,,,,
HRAB0100,JOB(Job),720,0477,Warehouse staff,nv kho,N,1,,,,
HRAB0100,JOB(Job),780,0483,Ex-Im,Xuất nhập khẩu,N,1,,,,
HRAB0100,JOB(Job),810,0486,Controlling products,Kiểm hàng,N,1,,,,
HRAB0100,JOB(Job),860,0500,Following Worker,Giám sát công nhân,N,1,,,,
HRAB0100,JOB(Job),870,0501,purchase,Thu mua,N,1,,,,
HRAB0100,JOB(Job),880,0502,Sub Leader,Tổ Phó,N,1,,,,
HRAB0100,JOB(Job),890,0503,QA,QA,N,1,,,,
HRAB0100,JOB(Job),900,0504,Packing,Đóng gói,N,1,,,,
HRAB0100,JOB(Job),910,0505,Bonding,Ép keo,N,1,,,,
HRAB0100,JOB(Job),920,0506,Rivet,Đóng nút,N,1,,,,
HRAB0100,JOB(Job),930,0507,Sub-worker,Thợ phụ,N,1,,,,
HRAB0110,ABS(ABSENT TYPE),10,ALE,Annual leave,Nghỉ phép năm,N,1,,,100,
HRAB0110,ABS(ABSENT TYPE),20,FLE,Funeral leave,Nghỉ tang chế,N,1,,,100,
HRAB0110,ABS(ABSENT TYPE),30,PT,Pregnancy Test leave,Nghỉ khám thai,N,1,,,0,
HRAB0110,ABS(ABSENT TYPE),40,MLE,Maternity leave,Nghỉ thai sản,N,1,,,0,
HRAB0110,ABS(ABSENT TYPE),50,NOP,Non permission leave,Nghỉ không phép,N,1,,,0,
HRAB0110,ABS(ABSENT TYPE),60,SCH,Sick children leave,Nghỉ con ốm,N,1,,,0,
HRAB0110,ABS(ABSENT TYPE),70,SLE,Sick leave,Nghỉ ốm,N,1,,,0,
HRAB0110,ABS(ABSENT TYPE),80,WED,Wedding leave,Nghỉ cưới,N,1,,,100,
HRAB0110,ABS(ABSENT TYPE),90,LA,Labor accident leave,Nghỉ tai nạn lao động,N,1,,,100,
HRAB0110,ABS(ABSENT TYPE),100,MC,Miscarriage leave,Nghỉ sẩy thai,N,1,,,0,
HRAB0110,ABS(ABSENT TYPE),110,PER,Permission leave,Nghỉ có phép,N,1,,,,
HRAB0110,ABS(ABSENT TYPE),130,TMP,Temp rest in plan,Nghỉ hết hàng,N,1,,,70,
HRAB0110,ABS(ABSENT TYPE),140,NON,None Scan Time Card,Không quét thẻ,N,1,,,0,
HRAB0110,ABS(ABSENT TYPE),150,OFF,Compensation,Nghỉ bù,N,1,,,100,
HRAB0120,BST(Basic Salary Type),10,BAS,Basic,Lương cơ bản
,N,1,,,,
HRAB0120,BST(Basic Salary Type),20,NET,Net,Lương thực lãnh
,N,1,,,,
HRAB0120,BST(Basic Salary Type),30,TOT,Total,Tổng cộng
,N,1,,,,
HRAB0120,BST(Basic Salary Type),40,GRO,Gross salary,Lương tổng hợp,N,1,,,,
HRAB0130,HOL(Holiday Type),10,GR1,Holiday GR1,Holiday GR1,N,1,,,,
HRAB0130,HOL(Holiday Type),20,GR2,Holiday GR1,Holiday GR1,N,1,,,,
HRAB0130,HOL(Holiday Type),30,NOR,Normal Holiday,Normal Holiday,N,1,,,,
HRAB0140,HTP(Holiday Property),1,ETC,ETC,ETC,N,1,,,,
HRAB0140,HTP(Holiday Property),1,HAL,Half day,Half day,N,1,,,,
HRAB0140,HTP(Holiday Property),1,FUL,Full day,Full day,N,1,,,,
HRAB0150,HPT(Holiday Day),1,ETC,ETC,ETC,N,1,,,,
HRAB0150,HPT(Holiday Day),1,NOR,Normal day,Normal day,N,1,,,,
HRAB0150,HPT(Holiday Day),1,SUN,Sunday,Sunday,N,1,,,,
HRAB0160,EDU(EDUCATION),10,1400,Under 9/12,Dưới THCS
,N,1,,,,
HRAB0160,EDU(EDUCATION),20,1401,9/12,Trung học cơ sở (THCS)
,N,1,,,,
HRAB0160,EDU(EDUCATION),30,1402,10/12,Chưa tốt nghiệp THPT
,N,1,,,,
HRAB0160,EDU(EDUCATION),40,1403,12/12,Trung học phổ thông (THPT)
,N,1,,,,
HRAB0160,EDU(EDUCATION),50,1404,Intermediate (1 year),Trung cấp nghề dưới 2 năm
,N,1,,,,
HRAB0160,EDU(EDUCATION),60,1405,Intermediate (2 years),Trung cấp nghề 2 năm
,N,1,,,,
HRAB0160,EDU(EDUCATION),70,1406,Colledge (2 years),Trung cấp chuyên môn 2 năm
,N,1,,,,
HRAB0160,EDU(EDUCATION),80,1407,Colledge (3 years),Cao đẳng 3 năm
,N,1,,,,
HRAB0160,EDU(EDUCATION),90,1408,University,Đại học
,N,1,,,,
HRAB0160,EDU(EDUCATION),100,1409,MBA,Thạc sĩ
,N,1,,,,
HRAB0160,EDU(EDUCATION),110,1410,11/12,Chưa tốt nghiệp PTTH,N,1,,,,
HRAB0170,INS(Insurance),10,HLH,Health insurrance,Bảo hiểm y tế
,N,1,,,,
HRAB0170,INS(Insurance),20,SOC,Social insurrance,Bảo hiểm xã hội
,N,1,,,,
HRAB0170,INS(Insurance),30,LAI,Labor accident insurrance,Bảo hiểm tai nạn lao động
,N,1,,,,
HRAB0170,INS(Insurance),40,LTI,Lifetime insurrance,Bảo hiểm nhân thọ
,N,1,,,,
HRAB0170,INS(Insurance),50,INC,Incentive insurrance,Bảo hiểm tiết kiệm,N,1,,,,
HRAB0180,LAN(Language),1,ENG,English,English,N,1,,,,
HRAB0180,LAN(Language),1,KOR,Korean,Korean,N,1,,,,
HRAB0180,LAN(Language),1,VIE,Viet Nam,Viet Nam,N,1,,,,
HRAB0190,MRT(Marital Status),1,DVR,Divoced,Divoced,N,1,,,,
HRAB0190,MRT(Marital Status),1,tes,TESTING,test,N,1,,,,
HRAB0190,MRT(Marital Status),1,SGL,Single,Single,N,1,,,,
HRAB0190,MRT(Marital Status),1,MRD,Married,Married,N,1,,,,
HRAB0200,LEV(Level),1,A,A,A,N,1,,,,
HRAB0200,LEV(Level),1,B,B,B,N,1,,,,
HRAB0200,LEV(Level),1,C,C,C,N,1,,,,
HRAB0210,OTL(OVER TIME LIST),10,HT,Holiday OT,Làm thêm ngày lễ,N,1,,,,
HRAB0210,OTL(OVER TIME LIST),20,NO,Night OT,Làm thêm ca đêm,N,1,,,,
HRAB0210,OTL(OVER TIME LIST),30,NT,Night working time,Giờ làm ca đêm,N,1,,,,
HRAB0210,OTL(OVER TIME LIST),40,OT,Normal OT,Làm thêm ngày thường,N,1,,,,
HRAB0210,OTL(OVER TIME LIST),50,SU,Sunday OT,Làm thêm ngày chủ nhật,N,1,,,,
HRAB0220,WKD(Working Days By Month),1,WKD,Working Days By Month,Working Days By Month,N,1,,,,
HRAB0230,CLS(Close Manage),1,SAL,Salary Close,Salary Close,N,1,,,,
HRAB0240,CON(Test 2),0,MT,Môi Trường,Eviroment,N,1,,,,
HRAB0240,CON(Test 2),0,OLE,Tự Nhiên,Natural,N,1,,,,
HRAB0250,TMA(Time Machine Addresses),0,TM0,192.168.0.3,192.168.0.3,N,1,,,,
HRAB0250,TMA(Time Machine Addresses),0,TM1,192.168.0.4,192.168.0.4,N,1,,,,
HRAB0250,TMA(Time Machine Addresses),0,TM3,192.168.0.7,192.168.0.7,N,1,,,,
HRAB0250,TMA(Time Machine Addresses),0,TM4,192.168.0.8,192.168.0.8,N,1,,,,
HRAB0250,TMA(Time Machine Addresses),0,TM2,192.168.0.6,192.168.0.6,N,1,,,,
HRAB0270,HEL(Health Places),10,BVDN,Bệnh Viện Đồng Nai,Bệnh Viện Đồng Nai,N,0,,,,
HRAB0270,HEL(Health Places),20,BVTN,Bệnh Viện Thống Nhất,Bệnh Viện Thống Nhất,N,0,,,,
HRAB0270,HEL(Health Places),30,BV7B,Bệnh Viện 7B,Bệnh Viện 7B,N,0,,,,
HRAB0270,HEL(Health Places),40,BVXL,Bệnh Viện KV Xuân Lộc,Bệnh Viện KV Xuân Lộc,N,0,,,,
HRAB0270,HEL(Health Places),50,YTBH,Trung Tâm Ytế B.Hòa,Trung Tâm Ytế B.Hòa,N,0,,,,
HRAB0270,HEL(Health Places),60,BVKCN,Bệnh Viện KCN,Bệnh Viện KCN,N,0,,,,
HRAB0270,HEL(Health Places),70,PKLC,PKĐK Liên Chi,PKĐK Liên Chi,Y,0,,,,
HRAB0270,HEL(Health Places),80,BVDK,Bệnh Viện Đa Khoa Tỉnh,Bệnh Viện Đa khoa Tỉnh,N,0,,,,
HRAB0270,HEL(Health Places),90,BV115,Bệnh Viện 115,Bệnh Viện 115,N,1,,,,
HRAB0270,HEL(Health Places),100,BV175,Bệnh Viện 175,Bệnh Viện 175,N,1,,,,
HRAB0270,HEL(Health Places),110,BV512,Bệnh Viện 512,Bệnh Viện 512,N,1,,,,
HRAB0270,HEL(Health Places),120,DKBD,Bệnh Viện Đa Khoa Bình Dương,Bệnh Viện Đa khoa Bình Dương,N,1,,,,
HRAB0270,HEL(Health Places),130,BVQD4,Bệnh Viện Quân Đoàn 4,Bệnh Viện Quân Đoàn 4,N,1,,,,
HRAB0270,HEL(Health Places),140,BVTA,Bệnh Viện Thuận An,Bệnh Viện Thuận An,N,1,,,,
HRAB0270,HEL(Health Places),150,DKXHT,Bệnh Viên Đa Khoa Thị Xã Hà Tiên,Bệnh Viên Đa Khoa Thị Xã Hà Tiên,N,1,,,,
HRAB0270,HEL(Health Places),160,YTHM,Trung Tâm Y Tế Quận Hóc Môn,Trung Tâm Y Tế Quận Hóc Môn,N,1,,,,
HRAB0270,HEL(Health Places),170,YTBT,Trung Tâm Y Tế Quận Bình Thạnh,Trung Tâm Y Tế Quận Bình Thạnh,N,1,,,,
HRAB0270,HEL(Health Places),180,1,BV ĐKTX TÂY NINH,BV ĐKTX TÂY NINH,N,1,,,,
HRAB0270,HEL(Health Places),190,2,BV ĐK H. Hoà Thành,BV ĐK Huyện Hoà Thành,N,1,,,,
HRAB0270,HEL(Health Places),200,3,TTYT H. Gò Dầu,BVĐK Huyện Gò Dầu,N,1,,,,
HRAB0270,HEL(Health Places),210,4,TTYT H.Trảng Bàng,BVĐK Huyện Trảng Bàng,N,1,,,,
HRAB0270,HEL(Health Places),220,5,TTYT H. Bến Cầu,BVĐK Huyện Bến Cầu,N,1,,,,
HRAB0270,HEL(Health Places),230,6,BVĐK H. Dương Minh Châu,BVĐK Huyện Dương Minh Châu,N,1,,,,
HRAB0270,HEL(Health Places),240,7,BVĐK H. Châu Thành,BVĐK Huyện Châu Thành,N,1,,,,
HRAB0270,HEL(Health Places),250,8,BVĐK H.Tân Biên,BVĐK Huyện Tân Biên,N,1,,,,
HRAB0270,HEL(Health Places),260,9,BVĐK H. Tân Châu,BVĐK Huyện Tân Châu,N,1,,,,
HRAB0270,HEL(Health Places),270,10,BVĐK Tây Ninh,BVĐK Tây Ninh,N,1,,,,
HRAB0270,HEL(Health Places),280,11,BV Y Học Cổ Truyền,BV Y Học Cổ Truyền,N,1,,,,
HRAB0270,HEL(Health Places),290,051,BỆNH VIỆN QUẬN 1(CƠ SỞ 1),BỆNH VIỆN QUẬN 1(CƠ SỞ 1),N,1,,,,
HRAB0270,HEL(Health Places),300,075,BỆNH VIỆN QUẬN 2,BỆNH VIỆN QUẬN 2,N,1,,,,
HRAB0270,HEL(Health Places),310,009,BỆNH VIỆN QUẬN 3,BỆNH VIỆN QUẬN 3,N,1,,,,
HRAB0270,HEL(Health Places),320,010,BỆNH VIỆN QUẬN 4,BỆNH VIỆN QUẬN 4,N,1,,,,
HRAB0270,HEL(Health Places),330,004,BỆNH VIỆN QUẬN1(CƠ SỞ 2),BỆNH VIỆN QUẬN 1(CƠ SỞ 2),N,1,,,,
HRAB0270,HEL(Health Places),340,015,BỆNH VIỆN QUẬN 5,BỆNH VIỆN QUẬN 5,N,1,,,,
HRAB0270,HEL(Health Places),350,017,BỆNH VIỆN QUẬN 6,BỆNH VIỆN QUẬN 6,N,1,,,,
HRAB0270,HEL(Health Places),360,019,BỆNH VIỆN QUẬN 7,BỆNH VIỆN QUẬN 7,N,1,,,,
HRAB0270,HEL(Health Places),370,021,BỆNH VIỆN QUẬN 8,BỆNH VIỆN QUẬN 8,N,1,,,,
HRAB0270,HEL(Health Places),380,053,BỆNH VIỆN QUẬN 8(PHÒNG KHÁM XÓM CỦI),BỆNH VIỆN QUẬN 8(PHÒNG KHÁM XÓM CỦI),N,1,,,,
HRAB0270,HEL(Health Places),390,052,BỆNH VIỆN QUẬN 8(PHÒNG KHÁM RẠCH CÁT),BỆNH VIỆN QUẬN 8(PHÒNG KHÁM RẠCH CÁT),N,1,,,,
HRAB0270,HEL(Health Places),400,022,BỆNH VIỆN QUẬN 9,BỆNH VIỆN QUẬN 9,N,1,,,,
HRAB0270,HEL(Health Places),410,027,BỆNH VIỆN QUẬN 10,BỆNH VIỆN QUẬN 10,N,1,,,,
HRAB0270,HEL(Health Places),420,028,BỆNH VIỆN QUẬN 11,BỆNH VIỆN QUẬN 11,N,1,,,,
HRAB0270,HEL(Health Places),430,029,BỆNH VIỆN QUẬN 12,BỆNH VIỆN QUẬN 12,N,1,,,,
HRAB0270,HEL(Health Places),440,031,BỆNH VIỆN QUẬN BÌNH THẠNNH,BỆNH VIỆN QUẬN BÌNH THẠNH,N,1,,,,
HRAB0270,HEL(Health Places),450,035,BỆNH VIỆN QUẬN GÒ VẤP,BỆNH VIỆN QUẬN GÒ VẤP,N,1,,,,
HRAB0270,HEL(Health Places),460,032,BỆNH VIỆN QUẬN PHÚ NHUẬN,BỆNH VIỆN QUẬN PHÚ NHUẬN,N,1,,,,
HRAB0270,HEL(Health Places),470,033,BỆNH VIỆN QUẬN TÂN BÌNH,BỆNH VIỆN QUẬN TÂN BÌNH,N,1,,,,
HRAB0270,HEL(Health Places),480,037,BỆNH VIỆN QUẬN THỦ ĐỨC,BỆNH VIỆN QUẬN THỦ ĐỨC,N,1,,,,
HRAB0270,HEL(Health Places),490,040,BV ĐKKV CỦ CHI,BVĐK KHU VỰC CỦ CHI,N,1,,,,
HRAB0270,HEL(Health Places),500,039,BV H. CỦ CHI,BỆNH VIỆN HUYỆN CỦ CHI,N,1,,,,
HRAB0270,HEL(Health Places),510,042,BỆNH VIỆN HUYỆN CẦN GIỜ,BỆNH VIỆN HUYỆN CẦN GIỜ,N,1,,,,
HRAB0270,HEL(Health Places),520,038,BỆNH VIỆN HUYỆN BÌNH CHÁNH,BỆNH VIỆN HUYỆN BÌNH CHÁNH,N,1,,,,
HRAB0270,HEL(Health Places),530,041,BỆNH VIỆN HUYỆN HÓC MÔN,BỆNH VIỆN HUYỆN HÓC MÔN,N,1,,,,
HRAB0270,HEL(Health Places),540,054,BỆNH VIỆN HUYỆN TÂN  PHÚ,BỆNNH VIỆN HUYỆN TÂN PHÚ,N,1,,,,
HRAB0270,HEL(Health Places),550,055,BỆNH VIỆN HUYỆN BÌNH TÂN,BỆNH VIỆN QUẬN BÌNH TÂN,N,1,,,,
HRAB0270,HEL(Health Places),560,045,BỆNH VIỆN HUYỆN NHÀ BÈ,BỆNH VIỆN HUYỆN NHÀ  BÈ,N,1,,,,
HRAB0270,HEL(Health Places),570,012,BỆNH VIỆN AN BÌNH,BỆNH VIỆN AN BÌNH,N,1,,,,
HRAB0270,HEL(Health Places),580,030,BỆNH VIỆN NHÂN DÂN GIA ĐỊNH,BỆNH VIỆN NHÂN DÂN GIA ĐỊNH,N,1,,,,
HRAB0270,HEL(Health Places),590,036,BVĐK KHU VỰC THỦ ĐỨC,BVĐK KHU VỰC THỦ ĐỨC,N,1,,,,
HRAB0270,HEL(Health Places),600,049,PKĐK TRỰC THUỘC TTYT NGÀNH CAO SU VIỆT NAM,PKĐK TRỰC THUỘC TTYT NGÀNH CAO SU VIỆT NAM,N,1,,,,
HRAB0270,HEL(Health Places),610,071,BV HOÀN MỸ 1,BỆNH VIỆN HOÀN MỸ 1,N,1,,,,
HRAB0270,HEL(Health Places),620,464,BV HOÀN MỸ 2,BỆNH VIỆN HOÀN MỸ 2,N,1,,,,
HRAB0270,HEL(Health Places),630,496,BV KHÁCH SẠN ĐK QUỐC TẾ VŨ ANH,BV KHÁCH SẠN ĐK QUỐC TẾ VŨ ANH,N,1,,,,
HRAB0270,HEL(Health Places),640,495,BV ĐK PHỔ QUANG,BỆNH VIỆN ĐA KHOA PHỔ QUANG,N,1,,,,
HRAB0270,HEL(Health Places),650,463,BVĐK HỒNG ĐỨC,BỆNH VIỆN ĐK HỒNG ĐỨC,N,1,,,,
HRAB0270,HEL(Health Places),660,458,BVĐK PHỔ QUANG MỘT,BVĐK PHỔ QUANG MỘT,N,1,,,,
HRAB0270,HEL(Health Places),670,074,BỆNH VIỆN QUỐC ÁNH,BỆNH VIỆN QUỐC ÁNH,N,1,,,,
HRAB0270,HEL(Health Places),680,476,BVĐK PHÚ THỌ,BVĐK PHÚ THỌ,N,1,,,,
HRAB0270,HEL(Health Places),690,460,BỆNH VIỆN FV,BỆNH VIỆN FV,N,1,,,,
HRAB0270,HEL(Health Places),700,465,PHÒNG KHÁM ĐA KHOA THÁNH MÂU,PHÒNG KHÁM ĐA KHOA THÁNH MẪU,N,1,,,,
HRAB0270,HEL(Health Places),710,467,PHÒNG KHÁM ĐA KHOA AN KHANG,PHÒNG KHÁM ĐA KHOA AN KHANG,N,1,,,,
HRAB0270,HEL(Health Places),720,466,PHÒNG KHÁM ĐK KCN TÂN BÌNH,PHÒNG KHÁM ĐK KCN TÂN BÌNH,N,1,,,,
HRAB0270,HEL(Health Places),730,059,PHÒNG KHÁM ĐA KHOA SÀI GÒN,PHÒNG KHÁM ĐA KHOA SÀI GÒN,N,1,,,,
HRAB0270,HEL(Health Places),740,060,PHÒNG KHÁM ĐA KHOA PHƯỚC AN(CƠ SỞ 1),PHÒNG KHÁM ĐA KHOA PHƯỚC AN(CƠ SỞ 1),N,1,,,,
HRAB0270,HEL(Health Places),750,457,PHÒNG KHÁM ĐA KHOA PH7ỚC AN(CƠ SỞ 2),PHÒNG KHÁM ĐA KHOA PHƯỚC AN(CƠ SỞ 2),N,1,,,,
HRAB0270,HEL(Health Places),760,446,PHÒNG KHÁM ĐA KHOA MINH ĐỨC,PHÒNG KHÁM ĐA KHOA MINH ĐỨC,N,1,,,,
HRAB0270,HEL(Health Places),770,459,PHÒNG KHÁM ĐK LẠC LONG QUÂN,PHÒNG KHÁM ĐK LẠC LONG QUÂN,N,1,,,,
HRAB0270,HEL(Health Places),780,461,PHÒNG KHÁM ĐA KHOA HY VỌNG,PHÒNG KHÁM ĐA KHOA HY VỌNG,N,1,,,,
HRAB0270,HEL(Health Places),790,548,PHÒNG KHÁM ĐA KHOA TRIỆU PHƯỚC,PHÒNG KHÁM ĐA KHOA TRIỆU PHƯỚC,N,1,,,,
HRAB0270,HEL(Health Places),800,481,PHÒNG KHÁM ĐA KHOA NET VẠN PHÚC,PHÒNG KHÁM ĐA KHOA NET VẠN PHÚC,N,1,,,,
HRAB0270,HEL(Health Places),810,483,PHÒNG KHÁM ĐA KHOA THÀNH CÔNG,PHÒNG KHÁM ĐA KHOA THÀNH CÔNG,N,1,,,,
HRAB0270,HEL(Health Places),820,013,BỆNH VIỆN NGUYỄN TRI PHƯƠNG,BỆNH VIỆN NGUYỄN TRI PHƯƠNG,N,1,,,,
HRAB0270,HEL(Health Places),830,057,BỆNH VIỆN QUÂN DÂN MIỀN ĐÔNG,BỆNH VIỆN QUÂN DÂN MIỀN ĐÔNG,N,1,,,,
HRAB0270,HEL(Health Places),840,026,BV CẤP CỨU TRƯNG VƯƠNG,BV CẤP CỨU TRƯNG VƯƠNG,N,1,,,,
HRAB0270,HEL(Health Places),850,023,BỆNH VIỆN BƯU ĐIỆN II,BỆNH VIỆN BƯU ĐIỆN II,N,1,,,,
HRAB0270,HEL(Health Places),860,076,BỆNH VIỆN GTVT TP.HỒ CHÍ MINH,BV GTVT TP.HỒ CHÍ MINH,N,1,,,,
HRAB0270,HEL(Health Places),870,001,BỆNH VIỆN ĐA KHOA SÀI GÒN,BỆNH VIỆN ĐA KHOA SÀI GÒN,N,1,,,,
HRAB0270,HEL(Health Places),880,020,BV ĐIỀU DƯỠNG PHCN ĐIỀU TRỊ BỆNH NGHỀ NGHIỆP,BV ĐIỀU DƯỠNG PHCN ĐIỀU TRỊ BỆNH NGHỀ NGHIỆP,N,1,,,,
HRAB0270,HEL(Health Places),890,044,BV ĐIỀU DƯỠNG PHỤC HỒI CHÚC NĂNG BƯU ĐIỆN II,BV ĐIỀU DƯỠNG PHỤC HỒI CHỨC NĂNG BƯU ĐIỆN II,N,1,,,,
HRAB0270,HEL(Health Places),900,034,BỆNH VIỆN 175,BỆNH VIỆN 175,N,1,,,,
HRAB0270,HEL(Health Places),910,014,BỆNH VIỆN NGUYỄN TRÃI,BỆNH VIỆN NGUYỄN TRẢI,N,1,,,,
HRAB0270,HEL(Health Places),920,011,BỆNH VIỆN 30-4,BỆNH VIỆN 30-4,N,1,,,,
HRAB0270,HEL(Health Places),930,024,BỆNH VIỆN NHÂN DÂN 115,BỆNH VIỆN NHÂN DÂN 115,N,1,,,,
HRAB0270,HEL(Health Places),940,025,BỆNH VIỆN THỐNG NHẤT,BỆNH VIỆN THỐNG NHẤT,N,1,,,,
HRAB0270,HEL(Health Places),950,016,BỆNH VIỆN QUÂN Y 7A,BỆNH VIỆN QUÂN Y 7A,N,1,,,,
HRAB0270,HEL(Health Places),960,462,BỆNH VIỆN ĐA KHOA VẠN HẠNH,BVĐK VẠN HẠNH,N,1,,,,
HRAB0270,HEL(Health Places),970,046,PHÒNG KHÁM ĐK KCN LÊ MINH XUÂN,PHÒNG KHÁM ĐK KCN LÊ MINH XUÂN,N,1,,,,
HRAB0270,HEL(Health Places),980,050,PHÒNG KHÁM ĐA KHOA KCN TÂN TẠO,PHÒNG KHÁM ĐK KCN TÂN TẠO,N,1,,,,
HRAB0270,HEL(Health Places),990,018,PHÒNG KHÁM ĐA KHOA KCX TÂN THUẬN,PHÒNG KHÁM ĐK KCX TÂN THUẬN,N,1,,,,
HRAB0270,HEL(Health Places),1000,0200,PHÒNG KHÁM ĐK THIÊN Y,PHÒNG KHÁM ĐK THIÊN Y,N,1,,,,
HRAB0270,HEL(Health Places),1010,0201,PHÒNG KHÁM ĐK QT THIÊN PHÚC,PHÒNG KHÁM ĐK QT THIÊN PHÚC,N,1,,,,
HRAB0280,SOP(Social Places),10,LDTB,Bộ Lao Động Và Thương Binh Xã Hội,Bộ Lao Động Và Thương Binh Xã Hội,Y,1,,,,
HRAB0280,SOP(Social Places),20,XHDN,BHXH ĐỒNG NAI,BHXH ĐỒNG NAI,N,1,,,,
HRAB0280,SOP(Social Places),30,XHBD,BHXH BÌNH DƯƠNG,BHXH BÌNH DƯƠNG,N,1,,,,
HRAB0280,SOP(Social Places),40,XHTN,BHXH Tây Ninh,BHXH Tây Ninh,N,1,,,,
HRAB0280,SOP(Social Places),50,XHTP,BHXH TPHCM,BHXH TPHCM,N,1,,,,
HRAB0280,SOP(Social Places),60,XHLA,BHXH LONG AN,BHXH LONG AN,N,1,,,,
HRAB0290,EMP APPOINTMENT TYPE,1,10,DEPT APPOINTMENT,DEPT APPOINTMENT,N,1,,,,
HRAB0290,EMP APPOINTMENT TYPE,1,20,SALARY CHANGE,SALARY CHANGE,N,1,,,,
HRAB0300,CTI(Test 1),10,IN,Tại Công Ty,Inside Company,N,1,,,,
HRAB0300,CTI(Test 1),20,OUT,Ngoài Công Ty,Outside Company,N,1,,,,
HRAB0330,PID(Place Id Card),10,ANGIA,An Giang,An Giang,N,1,,,,
HRAB0330,PID(Place Id Card),20,BACGI,Bắc Giang,Bắc Giang,N,1,,,,
HRAB0330,PID(Place Id Card),30,BACLI,Bạc Liêu,Bạc Liêu,N,1,,,,
HRAB0330,PID(Place Id Card),40,BACNI,Bắc Ninh,Bắc Ninh,N,1,,,,
HRAB0330,PID(Place Id Card),50,BACTH,Bắc Thái,Bắc Thái,N,1,,,,
HRAB0330,PID(Place Id Card),60,BENTR,Bến Tre,Bến Tre,N,1,,,,
HRAB0330,PID(Place Id Card),70,BIDIN,Bình Định,Bình Định,N,1,,,,
HRAB0330,PID(Place Id Card),80,BIDUO,Bình Dương,Bình Dương,N,1,,,,
HRAB0330,PID(Place Id Card),90,BIPHU,Bình Phước,Bình Phước,N,1,,,,
HRAB0330,PID(Place Id Card),100,BITHU,Bình Thuận,Bình Thuận,N,1,,,,
HRAB0330,PID(Place Id Card),110,BTRTH,Bình Trị Thiên,Bình Trị Thiên,N,1,,,,
HRAB0330,PID(Place Id Card),120,CAMAU,Cà Mau,Cà Mau,N,1,,,,
HRAB0330,PID(Place Id Card),130,CANTH,Cần Thơ,Cần Thơ,N,1,,,,
HRAB0330,PID(Place Id Card),140,CAOBA,Cao Bằng,Cao Bằng,N,1,,,,
HRAB0330,PID(Place Id Card),150,CUUL,Cửu Long,Cửu Long,N,1,,,,
HRAB0330,PID(Place Id Card),160,DAN,Đà Nẵng,Đà Nẵng,N,1,,,,
HRAB0330,PID(Place Id Card),170,DAKLA,Đắk Lắk,Dak Lak,N,1,,,,
HRAB0330,PID(Place Id Card),180,DONAI,Đồng Nai,Đồng Nai,N,1,,,,
HRAB0330,PID(Place Id Card),190,DOTHA,Đồng Tháp,Đồng Tháp,N,1,,,,
HRAB0330,PID(Place Id Card),200,HABAC,Hà Bắc,Hà Bắc,N,1,,,,
HRAB0330,PID(Place Id Card),210,GIALA,Gia Lai,Gia Lai,N,1,,,,
HRAB0330,PID(Place Id Card),220,HANAM,Hà Nam,Hà Nam,N,1,,,,
HRAB0330,PID(Place Id Card),230,HANAN,Hà Nam Ninh,Hà Nam Ninh,N,1,,,,
HRAB0330,PID(Place Id Card),240,HANOI,Hà Nội,Cong An Hai Noi,N,1,,,,
HRAB0330,PID(Place Id Card),250,HATAY,Hà Tây,Hà Tây,N,1,,,,
HRAB0330,PID(Place Id Card),260,HATIN,Hà Tĩnh,Hà Tĩnh,N,1,,,,
HRAB0330,PID(Place Id Card),270,HADUO,Hải Dương,Hải Dương,N,1,,,,
HRAB0330,PID(Place Id Card),280,HAIHU,Hải Hưng,Hải Hưng,N,1,,,,
HRAB0330,PID(Place Id Card),290,HAUGI,Hậu Giang,Hậu Giang,N,1,,,,
HRAB0330,PID(Place Id Card),300,HAIPH,Hải Phòng,Hải Phòng,N,1,,,,
HRAB0330,PID(Place Id Card),310,HOABI,Hoà Bình,Hoà Bình,N,1,,,,
HRAB0330,PID(Place Id Card),320,HCMC,Tp.HCM,Hồ Chí Minh,N,1,,,,
HRAB0330,PID(Place Id Card),330,HUE,Huế,Huế,N,1,,,,
HRAB0330,PID(Place Id Card),340,HUNGY,Hưng Yên,Hưng Yên,N,1,,,,
HRAB0330,PID(Place Id Card),350,KHANH,Khánh Hoà,Khánh Hòa,N,1,,,,
HRAB0330,PID(Place Id Card),360,LAMDO,Lâm Đồng,Lâm Đồng,N,1,,,,
HRAB0330,PID(Place Id Card),370,KIENG,Kiên Giang,Kiên Giang,N,1,,,,
HRAB0330,PID(Place Id Card),380,LANGS,Lạng Sơn,Lạng Sơn,N,1,,,,
HRAB0330,PID(Place Id Card),390,NAMDI,Nam Định,Nam Định,N,1,,,,
HRAB0330,PID(Place Id Card),400,LONGA,Long An,Long An,N,1,,,,
HRAB0330,PID(Place Id Card),410,NAMHA,Nam Hà,Nam Hà,N,1,,,,
HRAB0330,PID(Place Id Card),420,NGHEA,Nghệ An,Nghệ An,N,1,,,,
HRAB0330,PID(Place Id Card),430,NGHET,Nghệ Tĩnh,Nghệ Tỉnh,N,1,,,,
HRAB0330,PID(Place Id Card),440,NINHB,Ninh Bình,Ninh Bình,N,1,,,,
HRAB0330,PID(Place Id Card),450,PHUTH,Phú Thọ,Phú Thọ,N,1,,,,
HRAB0330,PID(Place Id Card),460,NTH,Ninh Thuận,Ninh Thuận,N,1,,,,
HRAB0330,PID(Place Id Card),470,PHUYE,Phú Yên,Phú Yên,N,1,,,,
HRAB0330,PID(Place Id Card),480,QUANA,Quảng Nam,Quảng Nam,N,1,,,,
HRAB0330,PID(Place Id Card),490,QUATR,Quản Trị,Quản Trị,N,1,,,,
HRAB0330,PID(Place Id Card),500,QUABI,Quảng Bình,Quảng Bình,N,1,,,,
HRAB0330,PID(Place Id Card),510,QUANG,Quảng Ngãi,Cong An Quang Ngai,N,1,,,,
HRAB0330,PID(Place Id Card),520,QUANI,Quảng Ninh,Quảng Ninh,N,1,,,,
HRAB0330,PID(Place Id Card),530,SOCTR,Sóc Trăng,Sóc Trăng,N,1,,,,
HRAB0330,PID(Place Id Card),540,THAHO,Thanh Hóa,Thanh Hóa,N,1,,,,
HRAB0330,PID(Place Id Card),550,SONGB,Sông Bé,Sông Bé,N,1,,,,
HRAB0330,PID(Place Id Card),560,TAYNI,Tây Ninh,Tây Ninh,N,1,,,,
HRAB0330,PID(Place Id Card),570,THAIB,Thái Bình,Thái Bình,N,1,,,,
HRAB0330,PID(Place Id Card),580,TIGIA,Tiền Giang,Tiền Giang,N,1,,,,
HRAB0330,PID(Place Id Card),590,THAIN,Thái Nguyên,Thái Nguyên,N,1,,,,
HRAB0330,PID(Place Id Card),600,TRAV,Trà Vinh,Trà Vinh,N,1,,,,
HRAB0330,PID(Place Id Card),610,TTHUE,Thừa Thiên Huế,Thừa Thiên Huế,N,1,,,,
HRAB0330,PID(Place Id Card),620,TUYQU,Tuyên Quang,Tuyên Quang,N,1,,,,
HRAB0330,PID(Place Id Card),630,VINHL,Vĩnh Long,Vĩnh Long,N,1,,,,
HRAB0330,PID(Place Id Card),640,VUNGT,Vũng Tàu,Vũng Tàu,N,1,,,,
HRAB0330,PID(Place Id Card),650,VP,Vĩnh Phú,Vĩnh Phú,N,1,,,,
HRAB0330,PID(Place Id Card),660,VINHP,Vĩnh Phúc,Vĩnh Phúc,N,1,,,,
HRAB0330,PID(Place Id Card),670,YENBA,Yên Bái,Yên Bái,N,1,,,,
HRAB0330,PID(Place Id Card),680,LAOCA,Lào Cai,Lào Cai,N,1,,,,
HRAB0330,PID(Place Id Card),690,SOL,Sơn La,Sơn La,N,1,,,,
HRAB0330,PID(Place Id Card),700,THOA,Thanh Hoá,Thanh Hoá,N,1,,,,
HRAB0330,PID(Place Id Card),710,KONTU,KonTum,KonTum,N,1,,,,
HRAB0330,PID(Place Id Card),720,BKAN,Bắc Kạn,Bắc Kạn,N,1,,,,
HRAB0340,DAT(Data Source),1,DAT,genuhr,genuhr,N,1,,,,
HRAB0350,ETH(Ethric Code),10,A,China,China,N,1,,,,
HRAB0350,ETH(Ethric Code),20,B,Kinh,Kinh,N,1,,,,
HRAB0350,ETH(Ethric Code),30,C,Muong,Muong,N,1,,,,
HRAB0350,ETH(Ethric Code),40,F,None,None,N,1,,,,
HRAB0350,ETH(Ethric Code),50,D,Nùng,Nùng,N,1,,,,
HRAB0350,ETH(Ethric Code),60,E,Máng,Máng,N,1,,,,
HRAB0350,ETH(Ethric Code),70,G,Êđê,Êđê,N,1,,,,
HRAB0350,ETH(Ethric Code),80,H,Hoa,Hoa,N,1,,,,
HRAB0350,ETH(Ethric Code),90,I,Thổ,Thổ,N,1,,,,
HRAB0350,ETH(Ethric Code),100,J,Tày,Tày,N,1,,,,
HRAB0350,ETH(Ethric Code),110,K,Thái,Thái,N,1,,,,
HRAB0350,ETH(Ethric Code),120,T,Khơme,Khơme,N,1,,,,
HRAB0350,ETH(Ethric Code),130,CH,CHĂM,CHĂM,N,1,,,,
HRAB0360,FAC(Factory),0,NM1,MOVINA,MOVINA,N,1,,,,
HRAB0370,BSC(Basic Salary Code),1,ABS,Absent,Absent,N,1,,,,
HRAB0370,BSC(Basic Salary Code),1,JOB,Job,Job,N,1,,,,
HRAB0370,BSC(Basic Salary Code),1,WKD,Woking Day And Hour,Woking Day And Hour,N,1,,,,
HRAB0370,BSC(Basic Salary Code),1,POS,Position,Position,N,1,,,,
HRAB0370,BSC(Basic Salary Code),1,BNS,Bonus,Bonus,N,1,,,,
HRAB0380,REG(Religion Code),10,A,Cao Dai,Cao Dai,N,1,,,,
HRAB0380,REG(Religion Code),20,B,Hoa Hao,Hoa Hao,N,1,,,,
HRAB0380,REG(Religion Code),30,C,None,None,N,1,,,,
HRAB0380,REG(Religion Code),40,D,Luong,Luong,N,1,,,,
HRAB0380,REG(Religion Code),50,E,Buddhist,Buddhist,N,1,,,,
HRAB0380,REG(Religion Code),60,F,Catholic,Catholic,N,1,,,,
HRAB0380,REG(Religion Code),70,G,Christian,Christian,N,1,,,,
HRAB0380,REG(Religion Code),80,BA,BÀ NI,BÀ NI,N,1,,,,
HRAB0390,SEX(Gender),1,0,Female,Female,N,1,,,,
HRAB0390,SEX(Gender),1,1,Male,Male,N,1,,,,
HRAB0400,PLB(Place Of Birth),10,BACLI,Bạc Liêu,Bạc Liêu,N,1,,,,
HRAB0400,PLB(Place Of Birth),20,BACTH,Bắc Thái,Bắc Thái,N,1,,,,
HRAB0400,PLB(Place Of Birth),30,BGIAN,Bắc Giang,Bắc Giang,N,1,,,,
HRAB0400,PLB(Place Of Birth),40,DNAI,Đồng Nai,Đồng Nai,N,1,,,,
HRAB0400,PLB(Place Of Birth),50,HABAC,Hà Bắc,Hà Bắc,N,1,,,,
HRAB0400,PLB(Place Of Birth),60,HANOI,Hà Nội,Hà Nội,N,1,,,,
HRAB0400,PLB(Place Of Birth),70,HCM,Tp.HCM,Hồ Chí Minh,N,1,,,,
HRAB0400,PLB(Place Of Birth),80,HDUON,Hải Dương,Hải Dương,N,1,,,,
HRAB0400,PLB(Place Of Birth),90,HYEN,Hưng Yên,Hưng Yên,N,1,,,,
HRAB0400,PLB(Place Of Birth),100,QTRI,Quảng Trị,Quảng Trị,N,1,,,,
HRAB0400,PLB(Place Of Birth),110,QNINH,Quảng Ninh,Quảng Ninh,N,1,,,,
HRAB0400,PLB(Place Of Birth),120,QBINH,Quảng Bình,Quảng Bình,N,1,,,,
HRAB0400,PLB(Place Of Birth),130,PHUTH,Phú Thọ,Phú Thọ,N,1,,,,
HRAB0400,PLB(Place Of Birth),140,NGAN,Nghệ An,Nghệ An,N,1,,,,
HRAB0400,PLB(Place Of Birth),150,HATI,Hà Tĩnh,Hà Tĩnh,N,1,,,,
HRAB0400,PLB(Place Of Birth),160,HAHU,Hải Hưng,Hải Hưng,N,1,,,,
HRAB0400,PLB(Place Of Birth),170,DTHAP,Đồng Tháp,Đồng Tháp,N,1,,,,
HRAB0400,PLB(Place Of Birth),180,TIGIA,Tiền Giang,Tiền Giang,N,1,,,,
HRAB0400,PLB(Place Of Birth),190,DANAG,Đà Nẳng,Đà Nẳng,N,1,,,,
HRAB0400,PLB(Place Of Birth),200,DALAT,Đà Lạt,Đà Lạt,N,1,,,,
HRAB0400,PLB(Place Of Birth),210,NBINH,Ninh Bình,Ninh Bình,N,1,,,,
HRAB0400,PLB(Place Of Birth),220,PHUYE,Phú Yên,Phú Yên,N,1,,,,
HRAB0400,PLB(Place Of Birth),230,XTAN,Xuan Tan,Xuan Tan,N,1,,,,
HRAB0400,PLB(Place Of Birth),240,THAHO,Thanh Hoá,Thanh Hoá,N,1,,,,
HRAB0400,PLB(Place Of Birth),250,TBINH,Thái Bình,Thái Bình,N,1,,,,
HRAB0400,PLB(Place Of Birth),260,QNHON,Qui Nhon,Qui Nhon,N,1,,,,
HRAB0400,PLB(Place Of Birth),270,NHA,Nam Ha,Nam Ha,N,1,,,,
HRAB0400,PLB(Place Of Birth),280,HNN,Hà Nam Ninh,Hà Nam Ninh,N,1,,,,
HRAB0400,PLB(Place Of Birth),290,ANGIA,An Giang,An Giang,N,1,,,,
HRAB0400,PLB(Place Of Birth),300,BACNI,Bắc Ninh,Bắc Ninh,N,1,,,,
HRAB0400,PLB(Place Of Birth),310,BDINH,Bình Định,Bình Định,N,1,,,,
HRAB0400,PLB(Place Of Birth),320,BETRE,Bến Tre,Bến Tre,N,1,,,,
HRAB0400,PLB(Place Of Birth),330,BINHD,Bình Dương,Bình Dương,N,1,,,,
HRAB0400,PLB(Place Of Birth),340,BPHUO,Bình Phước,Bình Phước,N,1,,,,
HRAB0400,PLB(Place Of Birth),350,BTHU,Bình Thuận,Bình Thuận,N,1,,,,
HRAB0400,PLB(Place Of Birth),360,BTT,Bình Trị Thiên,Bình Trị Thiên,N,1,,,,
HRAB0400,PLB(Place Of Birth),370,CAMAU,Cà Mau,Cà Mau,N,1,,,,
HRAB0400,PLB(Place Of Birth),380,GLAI,Gia Lai,Gia Lai,N,1,,,,
HRAB0400,PLB(Place Of Birth),390,HAIP,Hải Phòng,Hải Phòng,N,1,,,,
HRAB0400,PLB(Place Of Birth),400,HANA,Hà Nam,Hà Nam,N,1,,,,
HRAB0400,PLB(Place Of Birth),410,HAUGI,Hậu Giang,Hậu Giang,N,1,,,,
HRAB0400,PLB(Place Of Birth),420,HOABI,Hòa Bình,Hòa Bình,N,1,,,,
HRAB0400,PLB(Place Of Birth),430,HTAY,Hà Tây,Hà Tây,N,1,,,,
HRAB0400,PLB(Place Of Birth),440,HTIEN,Hà Tiên,Hà Tiên,N,1,,,,
HRAB0400,PLB(Place Of Birth),450,HUE,Huế,Huế,N,1,,,,
HRAB0400,PLB(Place Of Birth),460,KIGIA,Kiên Giang,Kiên Giang,N,1,,,,
HRAB0400,PLB(Place Of Birth),470,LAMDO,Lâm Đồng,Lâm Đồng,N,1,,,,
HRAB0400,PLB(Place Of Birth),480,LASON,Lạng Sơn,Lạng Sơn,N,1,,,,
HRAB0400,PLB(Place Of Birth),490,LOAN,Long An,Long An,N,1,,,,
HRAB0400,PLB(Place Of Birth),500,NAMDI,Nam Định,Nam Định,N,1,,,,
HRAB0400,PLB(Place Of Birth),510,NTINH,Nghệ Tĩnh,Nghệ Tĩnh,N,1,,,,
HRAB0400,PLB(Place Of Birth),520,QUANA,Quảng Nam,Quảng Nam,N,1,,,,
HRAB0400,PLB(Place Of Birth),530,QNGAI,Quảng Ngãi,Quảng Ngãi,N,1,,,,
HRAB0400,PLB(Place Of Birth),540,RGIA,Rạch Giá,Rạch Giá,N,1,,,,
HRAB0400,PLB(Place Of Birth),550,STR,Sóc Trăng,Sóc Trăng,N,1,,,,
HRAB0400,PLB(Place Of Birth),560,TAYN,Tây Ninh,Tây Ninh,N,1,,,,
HRAB0400,PLB(Place Of Birth),570,THNG,Thái Nguyên,Thái Nguyên,N,1,,,,
HRAB0400,PLB(Place Of Birth),580,TQUAN,Tuyên Quang,Tuyên Quang,N,1,,,,
HRAB0400,PLB(Place Of Birth),590,TTHUE,Thừa Thiên Huế,Thừa Thiên Huế,N,1,,,,
HRAB0400,PLB(Place Of Birth),600,VINPH,Vĩnh Phúc,Vĩnh Phúc,N,1,,,,
HRAB0400,PLB(Place Of Birth),610,VLONG,Vĩnh Long,Vĩnh Long,N,1,,,,
HRAB0400,PLB(Place Of Birth),620,YBAI,Yên Bái,Yên Bái,N,1,,,,
HRAB0400,PLB(Place Of Birth),630,VUNGT,Vũng Tàu,Vũng Tàu,N,1,,,,
HRAB0400,PLB(Place Of Birth),640,TRAV,Trà Vinh,Trà Vinh,N,1,,,,
HRAB0400,PLB(Place Of Birth),650,CAMB,Cambodia,Cambodia,N,1,,,,
HRAB0400,PLB(Place Of Birth),660,NTHU,Ninh Thuận,Ninh Thuận,N,1,,,,
HRAB0400,PLB(Place Of Birth),670,CANTH,Cần Thơ,Cần Thơ					,N,1,,,,
HRAB0400,PLB(Place Of Birth),680,DLK,Đắk Lắk,Đắk Lắk,N,1,,,,
HRAB0400,PLB(Place Of Birth),690,KHOA,Khánh Hoà,Khánh Hoà,N,1,,,,
HRAB0400,PLB(Place Of Birth),700,BKAN,Bắc Kạn,Bắc Kạn,N,1,,,,
HRAB0400,PLB(Place Of Birth),710,KONTU,Kon Tum,Kon Tum,N,1,,,,
HRAB0410,DEPARTMENT POSTION JOB,1,DEP,DEPARTMENT,Department,N,1,,,,
HRAB0410,DEPARTMENT POSTION JOB,1,JOB,JOB,Job,N,1,,,,
HRAB0410,DEPARTMENT POSTION JOB,1,POS,POS,Position,N,1,,,,
HRAB0430,PLACE CODE,10,01,Office,Office,N,1,,,,
HRAB0430,PLACE CODE,20,02,Factory,Factory,N,1,,,,
HRAB0440,RET(RESIGNATION TYPE),10,DPR,During probationary period,Trong thời gian thử việc,N,1,,,,
HRAB0440,RET(RESIGNATION TYPE),20,AFL,Applying for resignation,Nộp đơn xin nghỉ,N,1,,,,
HRAB0440,RET(RESIGNATION TYPE),30,LWA,Leaving without application,Tự ý bỏ việc,N,1,,,,
HRAB0440,RET(RESIGNATION TYPE),40,CID,Contract is due,Hết hạn hợp đồng,N,1,,,,
HRAB0440,RET(RESIGNATION TYPE),50,DIS,Dismiss,Sa thải,N,1,,,,
HRAB0450,ADD(ADDITION SALARY),10,ADV,ADVANCE,ADVANCE,N,1,,,,
HRAB0450,ADD(ADDITION SALARY),20,ADJ,RETURN,RETURN,N,1,,,,
HRAB0450,ADD(ADDITION SALARY),30,INC,INCENTIVE,INCENTIVE,N,1,,,,
HRAB0450,ADD(ADDITION SALARY),40,PIT,PIT FINALIZE,PIT FINALIZE,N,1,,,,
HRAB0450,ADD(ADDITION SALARY),50,ADV2,SEW EQUIPMENT,SEW EQUIPMENT,N,1,,,,
HRAB0450,ADD(ADDITION SALARY),60,ADV3,HEALTH CARD,HEALTH CARD,N,1,,,,
HRAB0510,ALLOWANCE OT,10,PRE,PREGNANT > 7M,,N,1,,,,
HRAB0510,ALLOWANCE OT,20,TEN,TENDING CHILD,,N,1,,,,
HRAB0520,EMPLOYEE RELATIONSHIP,10,10,Father,Father,N,1,,,,
HRAB0520,EMPLOYEE RELATIONSHIP,20,20,Mother,Mother,N,1,,,,
HRAB0520,EMPLOYEE RELATIONSHIP,30,30,Child,Child,N,1,,,,
HRAB0520,EMPLOYEE RELATIONSHIP,40,40,Sister,Sister,N,1,,,,
HRAB0520,EMPLOYEE RELATIONSHIP,50,50,Brother,Brother,N,1,,,,
HRAB0520,EMPLOYEE RELATIONSHIP,60,60,Other,Other,N,1,,,,
PRAB0010,STORAGE ITEM CLASS,1,PRD,PRODUCT,PRODUCT,N,1,,,,
PRAB0020,PRODUCT PLANT TYPE,1,L,LABOR,LABOR,N,1,,,,
PRAB0020,PRODUCT PLANT TYPE,1,P,PLANT RPM,PLANT RPM,N,1,,,,
PRAB0030,ELECTRIC POWER ALLOCATION,1,EA,COUNT,COUNT,N,1,,,,
PRAB0030,ELECTRIC POWER ALLOCATION,1,PT,PARETTE,PARETTE,N,1,,,,
PRAB0030,ELECTRIC POWER ALLOCATION,1,CM,CBM,CBM,N,1,,,,
PRAB0040,WORKING TYPE,1,F08,FULL TIME - 8H,FULL TIME - 8H,N,1,,,8,
PRAB0040,WORKING TYPE,1,F12,FULL TIME - 12H,FULL TIME - 12H,N,1,,,12,
PRAB0040,WORKING TYPE,1,H04,HALF TIME - 4H,HALF TIME - 4H,N,1,,,4,
PRAB0040,WORKING TYPE,1,H06,HALF TIME - 6H,HALF TIME - 6H,N,1,,,6,
PRAB0050,WAREHOUSE TYPE,1,00,FACTORY STOCK WH,FACTORY STOCK WH,N,1,,,,
PRAB0050,WAREHOUSE TYPE,1,30,OUTSOURCING WH,OUTSOURCING WH,N,1,,,,
PRAB0050,WAREHOUSE TYPE,1,40,CUSTOMS WH,CUSTOMS WH,N,1,,,,
PRAB0050,WAREHOUSE TYPE,1,20,OQC WH,OQC WH,N,1,,,,
PRAB0050,WAREHOUSE TYPE,1,10,IQC WH,IQC WH,N,1,,,,
PRAB0060,APPLIED TYPE RATE OF STANDARD,1,01,01 NAME,,N,1,,,,
PRAB0060,APPLIED TYPE RATE OF STANDARD,1,02,02 NAME,,N,1,,,,
PRAB0070,PRODUCT TYPE,1,OP,ORDER PRODUCTION,,N,1,,,,
PRAB0070,PRODUCT TYPE,1,MIXED,MIXED,,N,1,,,,
PRAB0070,PRODUCT TYPE,1,SP ,STOCK PRODUCTION,,N,1,,,,
PRAB0080,BOM SOURCING TYPE,10,M,MATERIAL,MATERIAL,N,1,,,,
PRAB0080,BOM SOURCING TYPE,20,P,PRODUCT,PRODUCT,N,1,,,,
PRAB0080,BOM SOURCING TYPE,30,I,IMPORTED PRODUCT,IMPORTED PRODUCT,N,1,,,,
PRAB0080,BOM SOURCING TYPE,40,U,UNUSED,UNUSED,N,1,,,,
PRAB0080,BOM SOURCING TYPE,50,OP,OUT PURCHASING,OUT PURCHASING,N,1,,,,
PRAB0100,WORK TYPE,10,1S,1S:460,1S:460,Y,1,,,1,
PRAB0100,WORK TYPE,20,2S,2S:460,2S:460,N,1,,,2,
PRAB0100,WORK TYPE,30,2SA,2S:480,2S:480,N,1,,,2,
PRAB0140,WORK INSTRUCTION TASK,1,10,10,10,N,1,,,,
PRAB0140,WORK INSTRUCTION TASK,2,20,20,20,N,1,,,,
PRAB0140,WORK INSTRUCTION TASK,3,30,30,30,N,1,,,,
PRAB0150,CALENDAR TYPE,1,G,GRAPH,GRAPH,N,1,,,,
PRAB0150,CALENDAR TYPE,2,R,RATE,RATE,N,1,,,,
PRAB0150,CALENDAR TYPE,3,C,CAPACITY,CAPACITY,N,1,,,,
PRAB0160,LINE SHIFT,10,S1,SHIFT 1,SHIFT 1,Y,1,,,,
PRAB0160,LINE SHIFT,20,S2,SHIFT 2,SHIFT 2,N,1,,,,
PRAB0160,LINE SHIFT,30,AH,Official time,,N,1,,,,
PRAB0170,ATTRIBUTE NAME,10,VIS,VIS,,N,1,,,,
PRAB0170,ATTRIBUTE NAME,20,AV,AV,,N,1,,,,
PRAB0170,ATTRIBUTE NAME,30,NVM,NVM,,N,1,,,,
PRAB0170,ATTRIBUTE NAME,40,TI,TI,,N,1,,,,
PRAB0170,ATTRIBUTE NAME,50,NPGT,NPGT,,N,1,,,,
PRAB0170,ATTRIBUTE NAME,60,SM,SM,,N,1,,,,
PRAB0170,ATTRIBUTE NAME,70,T-PBC,T-PBC,,N,1,,,,
PRAB0170,ATTRIBUTE NAME,80,DMA,DMA,,N,1,,,,
PRAB0500,PACKING TYPE,10,IB,IN BOX,IN BOX,N,1,,,,
PRAB0500,PACKING TYPE,20,OB,OUT BOX,OUT BOX,N,1,,,,
PRAB2010,POSITON -LOGO,10,SH,Shoulder,Shoulder,N,1,,,,
PRAB2010,POSITON -LOGO,20,BK,Back,Back,N,1,,,,
PRAB2010,POSITON -LOGO,30,FR,Front,Front,N,1,,,,
PRAB2010,POSITON -LOGO,40,BT,Bottom,Bottom,N,1,,,,
PRAB2010,POSITON -LOGO,50,LF,Left Side,Left Side,N,1,,,,
PRAB2010,POSITON -LOGO,60,FP,Front Pocket,Front Pocket,N,1,,,,
PRAB2010,POSITON -LOGO,70,RT,Right Side,Right Side,N,1,,,,
PRAB2010,POSITON -LOGO,80,MM,Momo Top,Momo Top,N,1,,,,
PRAB2010,POSITON -LOGO,90,BS,Both Sides,Both Sides,N,1,,,,
PRAB2010,POSITON -LOGO,100,ST,Side Top,Side Top,N,1,,,,
PRAB2010,POSITON -LOGO,110,SM,Side Middle,Side Middle,N,1,,,,
PRAB2010,POSITON -LOGO,120,S,Side ,Side ,N,1,,,,
PRAB2010,POSITON -LOGO,130,RS,Right side pocket Left side pocket,Right side pocket Left side pocket,N,1,,,,
PRAB2010,POSITON -LOGO,140,SP,Shoulder Pad,Shoulder Pad,N,1,,,,
PRAB2010,POSITON -LOGO,150,SU,Surume,Surume,N,1,,,,
PRAB2010,POSITON -LOGO,160,SB,Shoulder Belt,Shoulder Belt,N,1,,,,
PRAB2010,POSITON -LOGO,170,HD,Hood,Hood,N,1,,,,
PRAB2010,POSITON -LOGO,180,LST,Left Side Top,Left Side Top,N,1,,,,
PRAB2010,POSITON -LOGO,190,SPK,Side Pocket,Side Pocket,Y,1,,,,
PRAB2010,POSITON -LOGO,200,FPBB,Front Pocket Back Bottom,Front Pocket Back Bottom,N,1,,,,
PRAB2010,POSITON -LOGO,210,RST,Right Side Top,Right Side Top,N,1,,,,
PRAB2010,POSITON -LOGO,220,BB,Bottom Back,Bottom Back,N,1,,,,
PRAB2010,POSITON -LOGO,230,TC,Top Cover,Top Cover,N,1,,,,
PRAB2010,POSITON -LOGO,240,BTO,Back Top,Back Top,N,1,,,,
PRAB2010,POSITON -LOGO,250,BU,Back Under,Back Top,N,1,,,,
PRAB2010,POSITON -LOGO,260,ZP,Zipper Puller,,N,1,,,,
PRAB2010,POSITON -LOGO,270,TS,Top Separetor,Top Separetor,N,1,,,,
PRAB2010,POSITON -LOGO,280,IN,Inner,Inner,N,1,,,,
PRAB2010,POSITON -LOGO,290,BH,Bottom Handle,Bottom Handle,N,1,,,,
PRAB2010,POSITON -LOGO,300,BI,Back Inner,Back Inner,N,1,,,,
PRAB2010,POSITON -LOGO,310,TH,Tee Holder,Tee Holder,N,1,,,,
PRAB2010,POSITON -LOGO,320,FB,Front , Back,Front , Back,N,1,,,,
PRAB2010,POSITON -LOGO,330,BM,Back Middle,Back Middle,N,1,,,,
PRAB2010,POSITON -LOGO,340,T,Top,Top,N,1,,,,
PRAB2010,POSITON -LOGO,350,SI,Side,Side,N,1,,,,
PRAB2010,POSITON -LOGO,360,FS,Front Shoulder,Front Shoulder,N,1,,,,
PRAB2010,POSITON -LOGO,370,LSP,Left Side Pad,Left Side Pad,N,1,,,,
PRAB2010,POSITON -LOGO,380,BBo,Back Bottom,Back Bottom,N,1,,,,
PRAB2010,POSITON -LOGO,390,BoS,Both Side,Both Side,N,1,,,,
PRAB2010,POSITON -LOGO,400,BaS,Back Shoulder,Back Shoulder,N,1,,,,
PRAB2010,POSITON -LOGO,410,LS,Left Side Pocket,Left Side Pocket,N,1,,,,
PRAB2010,POSITON -LOGO,420,SBt,Side Bottom,Side Bottom,N,1,,,,
PRAB2010,POSITON -LOGO,430,RSP,Right Side-Pocket,Right Side-Pocket,N,1,,,,
PRAB2010,POSITON -LOGO,440,SPH,Shoulder Pad Hood,Shoulder Pad Hood,N,1,,,,
PRAB2010,POSITON -LOGO,450,bp,Back Pocket,Back Pocket,N,1,,,,
PRAB2010,POSITON -LOGO,460,FO,Food,Food,N,1,,,,
PRAB2010,POSITON -LOGO,470,FOR,Front Right,Front Right,N,1,,,,
PRAB2010,POSITON -LOGO,480,FOL,Front Left,Front Left,N,1,,,,
PRAB2010,POSITON -LOGO,490,BoT,Boston Bag,Boston Bag,N,1,,,,
PRAB2010,POSITON -LOGO,500,NL,Name Plate,Name Plate,N,1,,,,
PRAB2010,POSITON -LOGO,510,FSP,Front Shoulder Pad,Front Shoulder Pad,N,1,,,,
PRAB2010,POSITON -LOGO,520,FPI,Front Pocket (Inner),Front Pocket (Inner),N,1,,,,
PRAB2010,POSITON -LOGO,530,P,Pouch,Pouch,N,1,,,,
PRAB2010,POSITON -LOGO,540,B,Back Pocket, Shoulder Par,Back Pocket, Shoulder Pad,N,1,,,,
PRAB2010,POSITON -LOGO,550,Side,Side, Shoulder,Side, Shoulder,N,1,,,,
PRAB2010,POSITON -LOGO,560,Front,Front Pocket, Back,Front Pockel, Back,N,1,,,,
PRBP0010,PLAN STATUS,1,WI,WI CONFIRM,WI CONFIRM,N,1,,,,
PRBP0010,PLAN STATUS,2,PC,PLAN CONFIRM,PLAN CONFIRM,N,1,,,,
PRBP0010,PLAN STATUS,3,PN,PLANNING,PLANNING,N,1,,,,
PRBP0010,PLAN STATUS,4,UP,UNPLANNED,UNPLANNED,N,1,,,,
PRBP0010,PLAN STATUS,5,CN,PLAN CANCEL,PLAN CANCEL,N,1,,,,
PRBP0010,PLAN STATUS,6,RP,REPLAN CLOSE,REPLAN CLOSE,N,1,,,,
PRBP0015,PLAN TYPE,1,BK,BACKWARD,BACKWARD,N,1,,,,
PRBP0015,PLAN TYPE,2,FW,FORWARD,FORWARD,N,1,,,,
PRBP0015,PLAN TYPE,3,MA,MANUAL,MANUAL,N,1,,,,
PRBP0015,PLAN TYPE,4,FL,FLAT(AVERAGE),FLAT(AVERAGE),N,1,,,,
PRBP0020,PLAN LINE TYPE,1,ML,MAIN LINE,MAIN LINE,N,1,,,,
PRBP0020,PLAN LINE TYPE,1,AL,ALL LINE,ALL LINE,N,1,,,,
PRBP0020,PLAN LINE TYPE,1,SL,USER SELECTED LINE,USER SELECTED LINE,N,1,,,,
PRBP0030,PLAN LEVEL,1,00,ORDER PRODUCT,ORDER PRODUCT,N,1,,,,
PRBP0030,PLAN LEVEL,1,40,4TH SUB LEVEL,4TH SUB LEVEL,N,1,,,,
PRBP0030,PLAN LEVEL,1,70,7TH SUB LEVEL,7TH SUB LEVEL,N,1,,,,
PRBP0030,PLAN LEVEL,1,60,6TH SUB LEVEL,6TH SUB LEVEL,N,1,,,,
PRBP0030,PLAN LEVEL,1,50,5TH SUB LEVEL,5TH SUB LEVEL,N,1,,,,
PRBP0030,PLAN LEVEL,1,30,3RD SUB LEVEL,3RD SUB LEVEL,N,1,,,,
PRBP0030,PLAN LEVEL,1,10,SUB LEVEL PRODUCT,SUB LEVEL PRODUCT,N,1,,,,
PRBP0030,PLAN LEVEL,1,20,2ND SUB LEVEL,2ND SUB LEVEL,N,1,,,,
PRBP0040,LINE RESOURCE PLAN,1,CP,PLANNING,PLANNING,N,1,,,,
PRBP0040,LINE RESOURCE PLAN,1,EC,PLAN CONFIRM CANCEL,PLAN CONFIRM CANCEL,N,1,,,,
PRBP0040,LINE RESOURCE PLAN,1,BP,PLAN CONFIRM,PLAN CONFIRM,N,1,,,,
PRBP0040,LINE RESOURCE PLAN,1,AC,PRODUCTION CONFIRM,PRODUCTION CONFIRM,N,1,,,,
PRBP0050,STOCK TRANSACTION IN,10,00,TAKEIN,TAKEIN,N,1,,,,
PRBP0050,STOCK TRANSACTION IN,20,10,IQC,IQC,N,1,,,,
PRBP0050,STOCK TRANSACTION IN,30,20,SEA STOCK,SEA STOCK,N,1,,,,
PRBP0050,STOCK TRANSACTION IN,40,30,PO,PO,N,1,,,,
PRBP0050,STOCK TRANSACTION IN,50,40,REQ PUR BY PLAN,REQ PURCHASING BY PLAN,N,1,,,,
PRBP0050,STOCK TRANSACTION IN,60,50,PLAN REQ PURCHSING,PLAN REQ PURCHSING,N,1,,,,
PRBP0050,STOCK TRANSACTION IN,60,45,REQ PUR BY EXPECT,REQ PURCHASING BY EXPECTATION,N,1,,,,
PRBP0050,STOCK TRANSACTION IN,70,60,PROD CONFIRM CANCEL,PROD CONFIRM CANCEL,N,1,,,,
PRBP0050,STOCK TRANSACTION IN,80,70,PLANNING CANCEL,PLANNING CANCEL,N,1,,,,
PRBP0050,STOCK TRANSACTION IN,90,80,STOCK ADJUSTMENT,STOCK ADJUSTMENT,N,1,,,,
PRBP0060,STOCK TRANSACTION OUT,1,10,IQC CANCEL,IQC CANCEL,N,1,,,,
PRBP0060,STOCK TRANSACTION OUT,1,80,STOCK ADJUSTMENT,STOCK ADJUSTMENT,N,1,,,,
PRBP0060,STOCK TRANSACTION OUT,1,00,TAKE OUT,TAKE OUT,N,1,,,,
PRBP0060,STOCK TRANSACTION OUT,1,70,PLANNING REQ,PLANNING REQ,N,1,,,,
PRBP0060,STOCK TRANSACTION OUT,1,60,PRODUCTION CONFIRM,PRODUCTION CONFIRM,N,1,,,,
PRBP0060,STOCK TRANSACTION OUT,1,50,PLANNING CANCEL,PLANNING CANCEL,N,1,,,,
PRBP0060,STOCK TRANSACTION OUT,1,20,SEA STOCK CANCEL,SEA STOCK CANCEL,N,1,,,,
PRBP0060,STOCK TRANSACTION OUT,1,40,REQ PURCHASING CANCEL,REQ PURCHASING CANCEL,N,1,,,,
PRBP0060,STOCK TRANSACTION OUT,1,30,PO CANCEL,PO CANCEL,N,1,,,,
PRBP0070,NON WORK TYPE,1,01,ELECTRIC POWER OFF,ELECTRIC POWER OFF,N,1,,,,
PRBP0070,NON WORK TYPE,2,02,02,02,N,1,,,,
PRBP0080,MATERIAL REQUIRED TYPE,1,01,NORMAL-WINS,NORMAL-WINS,N,1,N,,,
PRBP0080,MATERIAL REQUIRED TYPE,1,03,WIP STOCK ERROR,WIP STOCK ERROR,N,1,N,,,
PRBP0080,MATERIAL REQUIRED TYPE,1,02,SUB MATERIAL,SUB MATERIAL,N,1,N,,,
PRBP0080,MATERIAL REQUIRED TYPE,1,10,OUTSIDE-WINS,OUTSIDE-WINS,N,1,Y,,,
PRBP0080,MATERIAL REQUIRED TYPE,1,04,ERROR OF BOM,ERROR OF BOM,N,1,N,,,
PRBP0090,WORK INSRUCTION STATUS,1,01,ALL MATERIAL REQUEST,,N,1,,,,
PRBP0090,WORK INSRUCTION STATUS,1,10,ALL TAKEOUT,,N,1,,,,
PRBP0090,WORK INSRUCTION STATUS,1,02,PART MATERIAL REQUEST,,N,1,,,,
PRBP0100,WIP TRANSACTION TYPE,1,01,IN MAT FROM WH BY WIP,MAT FROM WH BY WIP,N,1,+,,,
PRBP0100,WIP TRANSACTION TYPE,1,14,LOSS,LOSS,N,1,-,,,
PRBP0100,WIP TRANSACTION TYPE,1,13,DEFECTED,DEFECTED,N,1,-,,,
PRBP0100,WIP TRANSACTION TYPE,1,02,IN MAT FROM WH BY LINE,MAT FROM WH BY LINE,N,1,+,,,
PRBP0100,WIP TRANSACTION TYPE,1,12,RETURN MAT TO WH,RETURN MAT TO WH,N,1,-,,,
PRBP0100,WIP TRANSACTION TYPE,1,11,OUT MAT BY PRODUCTION,OUT MAT BY PRODUCTION,N,1,-,,,
PRBP0110,FIND ERROR TYPE,1,LN,LINE QC,LINE QC,N,1,,,,
PRBP0110,FIND ERROR TYPE,1,DC,DOUBLE CHECK,DOUBLE CHECK,N,1,,,,
PRBP0120,OQC STATUS,1,10,OQC REQUEST,OQC REQUEST,N,1,,,,
PRBP0120,OQC STATUS,1,20,DC REQUEST,DC REQUEST,N,1,,,,
PRBP0120,OQC STATUS,1,40,TAKE IN REQUEST,TAKE IN REQUEST,N,1,,,,
PRBP0120,OQC STATUS,1,30,DC OQC REQUEST,DC OQC REQUEST,N,1,,,,
PRBP0130,CLOSE TYPE,1,M,MONTHLY,MONTHLY,N,1,,,1,
PRBP0130,CLOSE TYPE,1,W,WEEKLY,WEEKLY,N,1,,,3,
PRBP0130,CLOSE TYPE,1,D,DAILY,DAILY,N,1,,,2,
PRBP0140,WORKPROD TASK TYPE,1,10,NORMAL-WINS WORK,NORMAL-WINS WORK,N,1,,,,
PRBP0140,WORKPROD TASK TYPE,1,20,REWORK,REWORK,N,1,,,,
PRBP0140,WORKPROD TASK TYPE,1,40,EDUCATION,EDUCATION,N,1,,,,
PRBP0140,WORKPROD TASK TYPE,1,50,TRAINING,TRAINING,N,1,,,,
PRBP0140,WORKPROD TASK TYPE,1,30,SUPPORT OTHER TASK,SUPPORT OTHER TASK,N,1,,,,
PRBP0150,INSTRUCTION STATUS,0,10,PRIVATE INSTRUCTION,PRIVATE INSTRUCTION,N,1,,,,
PRBP0150,INSTRUCTION STATUS,0,20,CONFIRM INSTRUCTION,CONFIRM INSTRUCTION,N,1,,,,
PRBP0150,INSTRUCTION STATUS,0,30,DEFERRED INSTRUCTION,DEFERRED INSTRUCTION,N,1,,,,
PRBP0160,PLAN PURCHASING STATUS,1,10,PURCHASING PLAN,PURCHASING PLAN,N,1,,,,
PRBP0160,PLAN PURCHASING STATUS,1,20,REQUEST PROGRESS,REQUEST PROGRESS,N,1,,,,
PRBP0160,PLAN PURCHASING STATUS,1,40,CLOSED,CLOSED,N,1,,,,
PRBP0160,PLAN PURCHASING STATUS,1,30,ALL REQUEST,ALL REQUEST,N,1,,,,
PRBP0170,PURCHASING INVALID TYPE,1,10,CHANGE ORDER,CHANGE ORDER,N,1,,,,
PRBP0170,PURCHASING INVALID TYPE,1,30,DELAY ORDER,DELAY ORDER,N,1,,,,
PRBP0170,PURCHASING INVALID TYPE,1,20,CHANGE PRODUCTION PLAN,CHANGE PRODUCTION PLAN,N,1,,,,
PRBP0180,WINS REVISION TYPE,1,NEW,NEW,NEW,N,1,,,,
PRBP0180,WINS REVISION TYPE,2,CHG,CHANGE,CHANGE,N,1,,,,
PRBP0180,WINS REVISION TYPE,3,PCN,PART CANCEL,PART CANCEL,N,1,,,,
PRBP0180,WINS REVISION TYPE,4,ACN,CANCEL,CANCEL,N,1,,,,
PRBP0190,WORK TASK TYPE,10,ST,START FROM WI,START FROM WI,Y,1,,,,
PRBP0190,WORK TASK TYPE,20,MD,MIDDLE TASK,MIDDLE TASK,N,1,,,,
PRBP0190,WORK TASK TYPE,30,LT,LAST TASK,LAST TASK,N,1,,,,
PRCP0010,PURCHASING REQUEST TYPE,1,10,PRODUCTION PLAN,PRODUCTION PLAN,N,1,,,,
PRCP0010,PURCHASING REQUEST TYPE,1,20,STOCKPILE,STOCKPILE,N,1,,,,
PRCP0020,PO STATUS,10,10,PRIVATE PO,PRIVATE PO,N,1,,,,
PRCP0020,PO STATUS,20,15,PO AMEND,PO AMEND,N,1,,,,
PRCP0020,PO STATUS,30,20,CONFIRM PO,CONFIRM PO,N,1,,,,
PRCP0020,PO STATUS,40,30,PO PROCESS,PO PROCESS,N,1,,,,
PRCP0020,PO STATUS,50,40,SEA STOCK,SEA STOCK,N,1,,,,
PRCP0020,PO STATUS,60,50,IQC,IQC,N,1,,,,
PRCP0020,PO STATUS,70,60,CLAIM,CLAIM,N,1,,,,
PRCP0020,PO STATUS,80,70,INACTIVE,INACTIVE,N,1,,,,
PRCP0020,PO STATUS,90,90,FINISH,FINISH,N,1,,,,
PRCP0030,PORT(IM,EX),1,01,KOREAN,KOREAN,N,1,,,,
PRCP0030,PORT(IM,EX),1,02,VIETNAM,VIETNAM,N,1,,,,
PRCP0040,DESTINATION(IM,EX),1,001,HOCHIMIN/VIETNAM,HOCHIMIN/VIETNAM,N,1,,,,
PRCP0050,INSURANCE TYPE,1,10,COVERED BY SELLER,COVERED BY SELLER,N,1,,,,
PRCP0060,CONTAINER UNIT,1,20,20FT,20ft,N,1,,,,
PRCP0060,CONTAINER UNIT,1,40,40FT,40ft,N,1,,,,
PRCP0070,BL STATUS,1,10,TAKE OVER BL,TAKE OVER BL,N,1,,,,
PRCP0070,BL STATUS,1,20,BONDED WH,BONDED WH,N,1,,,,
PRCP0070,BL STATUS,1,30,PARTIAL IQC,PARTIAL IQC,N,1,,,,
PRCP0070,BL STATUS,1,40,FINISHED,FINISHED,N,1,,,,
PRCP0080,PO MANAGE FOR VENDOR,10,EP,ISSUE ESTIMATED PO,ISSUE ESTIMATED PO,N,1,,,,
PRCP0080,PO MANAGE FOR VENDOR,20,AP,ISSUE AMEND PO,ISSUE AMEND PO,N,1,,,,
PRCP0080,PO MANAGE FOR VENDOR,30,CP,ISSUE CONFIRMED PO,ISSUE CONFIRMED PO,N,1,,,,
PRCP0080,PO MANAGE FOR VENDOR,40,ET,ETC,ETC,N,1,,,,
PRCP0080,PO MANAGE FOR VENDOR,50,VR,VENDOR RESPONCE,VENDOR RESPONCE,N,1,,,,
PRCP0090,MR STATUS,10,WT,Waiting,Waiting,N,1,,,,
PRCP0090,MR STATUS,20,CF,Confirm,Confirm,N,1,,,,
PRCP0090,MR STATUS,30,DL,Delay,Delay,N,1,,,,
PRCP0090,MR STATUS,40,DE,Deline,Deline,N,1,,,,
PRDI0010,STOCK GRADE,1,10,NORMAL,NORMAL,N,1,,,,
PRDI0010,STOCK GRADE,1,50,BAD D,BAD D,N,1,,,,
PRDI0010,STOCK GRADE,1,90,DISUSED,DISUSED,N,1,,,,
PRDI0010,STOCK GRADE,1,70,BAD F,BAD F,N,1,,,,
PRDI0010,STOCK GRADE,1,60,BAD E,BAD E,N,1,,,,
PRDI0010,STOCK GRADE,1,40,BAD C,BAD C,N,1,,,,
PRDI0010,STOCK GRADE,1,20,BAD A,BAD A,N,1,,,,
PRDI0010,STOCK GRADE,1,30,BAD B,BAD B,N,1,,,,
PRDI0020,CYCLE COUNT TYPE,1,10,MONTHLY REGULAR,MONTHLY REGULAR,N,1,,,,
PRDI0020,CYCLE COUNT TYPE,1,20,INREGULAR,INREGULAR,N,1,,,,
PRDI0030,CYCLE COUNT STATUS,1,00,PRIVATE,PRIVATE,N,1,N,,,
PRDI0030,CYCLE COUNT STATUS,1,20,RETURN,RETURN,N,1,N,,,
PRDI0030,CYCLE COUNT STATUS,1,90,CONFIRM,CONFIRM,N,1,Y,,,
PRDI0030,CYCLE COUNT STATUS,1,10,APPROVAL REQUEST,APPROVAL REQUEST,N,1,N,,,
PRDI0040,OTHER STOCK ADJUST TYPE,10,10,Import (Oversea),Nhập nước ngoài,N,1,,,,
PRDI0040,OTHER STOCK ADJUST TYPE,20,12,Supplement Goods,Nhà cung cấp trả hàng bù,N,1,,,,
PRDI0040,OTHER STOCK ADJUST TYPE,30,13,Goods return from customer,Khách hàng trả lại,N,1,,,,
PRDI0040,OTHER STOCK ADJUST TYPE,40,14,Defect material(NG) from vendor,Hàng lựa lại (bị NG),N,1,,,,
PRDI0040,OTHER STOCK ADJUST TYPE,50,20,Product from Line,Nhập thành phẩm từ chuyền,N,1,,,,
PRDI0040,OTHER STOCK ADJUST TYPE,60,21,Domestic Incoming,Nhập trong nước,N,1,,,,
PRDI0040,OTHER STOCK ADJUST TYPE,70,30,Outsourcing Incoming,Nhập gia công,N,1,,,,
PRDI0040,OTHER STOCK ADJUST TYPE,80,40,Product Incoming,Nhập thành phẩm,N,1,,,,
PRDI0040,OTHER STOCK ADJUST TYPE,90,50,Others Incoming,Nhập khác,N,1,,,,
PRDI0040,OTHER STOCK ADJUST TYPE,100,60,Oversea Export,Xuất nước ngoài,N,1,,,,
PRDI0040,OTHER STOCK ADJUST TYPE,110,11,Return from Lines,Line trả vật tư,N,1,,,,
PRDI0040,OTHER STOCK ADJUST TYPE,120,70,Domestic Outgoing,Xuất trong nước,N,1,,,,
PRDI0040,OTHER STOCK ADJUST TYPE,130,80,Outsourcing Outgoing,Xuất nhà thầu phụ,N,1,,,,
PRDI0040,OTHER STOCK ADJUST TYPE,140,100,Others Outgoing,Xuất khác,N,1,,,,
PRDI0040,OTHER STOCK ADJUST TYPE,150,110,Out to Line,Xuất vật tư cho sản xuất,N,1,,,,
PRDI0040,OTHER STOCK ADJUST TYPE,160,160,Adjusting Stock,Điều chỉnh tồn kho,N,1,,,,
PRDI0040,OTHER STOCK ADJUST TYPE,170,120,Return defect goods to vendor,Xuất trả hàng hư cho nhà cung cấp,N,1,,,,
PRDI0040,OTHER STOCK ADJUST TYPE,180,130,Outgoing for abadon,Xuất hủy hàng hư,N,1,,,,
PRDI0040,OTHER STOCK ADJUST TYPE,190,150,Out goods to customer,Xuất hàng cho khàch hàng,N,1,,,,
PRDI0040,OTHER STOCK ADJUST TYPE,200,140,Stock transfer,Chuyển kho,N,1,,,,
PRDI0040,OTHER STOCK ADJUST TYPE,210,90,Lines Outgoing,Lines Outgoing,N,1,,,,
PRDI0040,OTHER STOCK ADJUST TYPE,220,15,Goods Return from Project,Hàng trả về từ công trình,N,1,,,,
PRDI0040,OTHER STOCK ADJUST TYPE,230,16,CTV lua lai,CTV lựa lại,N,1,,,,
PRDI0050,STOCK MOVE STATUS,10,10,PENDING,PENDING,N,1,,,,
PRDI0050,STOCK MOVE STATUS,20,20,MOVED,MOVED,N,1,,,,
PRDI0060,STOCK MOVE TYPE,0,IM,Internal moving,Điều chuyển nội bộ,N,1,,,,
PRDI0060,STOCK MOVE TYPE,0,DM,Dependent parts moving,Điều chuyển phụ thuộc,N,1,,,,
PRDI0070,TAKE IN TYPE,0,30,LINE RETURN,LINE RETURN,N,1,,,,
PRDI0070,TAKE IN TYPE,1,10,PURCHASING T-IN,PURCHASING T-IN,N,1,,,,
PRDI0070,TAKE IN TYPE,2,20,PRODUCTION T-IN,PRODUCTION T-IN,N,1,,,,
PRDI0070,TAKE IN TYPE,4,40,STOCK MOVE,STOCK MOVE,N,1,,,,
PRDI0070,TAKE IN TYPE,5,50,STOCK OTHER,STOCK OTHER,N,1,,,,
PRDI0070,TAKE IN TYPE,6,15,CANCEL PUR T-IN,CANCEL PUR T-IN,N,1,,,,
PRDI0070,TAKE IN TYPE,7,25,CANCEL PROD T-IN,CANCEL PROD T-IN,N,1,,,,
PRDI0080,TAKE OUT TYPE,1,10,LINE T-OUT,LINE T-OUT,N,1,,,,
PRDI0080,TAKE OUT TYPE,2,20,PROD T-OUT,PROD T-OUT,N,1,,,,
PRDI0080,TAKE OUT TYPE,3,30,CYCLE COUNT,CYCLE COUNT,N,1,,,,
PRDI0080,TAKE OUT TYPE,4,40,STOCK MOVE,STOCK MOVE,N,1,,,,
PRDI0080,TAKE OUT TYPE,5,50,STOCK OTHER,STOCK OTHER,N,1,,,,
PRDI0080,TAKE OUT TYPE,6,15,CANCEL LINE T-OUT,CANCEL LINE T-OUT,N,1,,,,
PRDI0080,TAKE OUT TYPE,7,25,CANCEL PROD T-OUT,CANCEL PROD T-OUT,N,1,,,,
PRDI0090,TAKE OUT TYPE,10,140,Stock Transfer,Điều Chuyển Kho,N,1,,,,
PRDI0090,TAKE OUT TYPE,20,90,Lines Outgoing,Xuất Cho Sản Xuất,Y,1,,,,
PRDI0090,TAKE OUT TYPE,30,60,Oversea Export,Oversea Export,N,1,,,,
PRDI0090,TAKE OUT TYPE,40,70,Domestic Outgoing,Domestic Outgoing,N,1,,,,
SAAB0040,DELIVERY TERM,1,01,01,01,N,1,,,,
SAAB0040,DELIVERY TERM,1,02,02,02,N,1,,,,
SAAB0040,DELIVERY TERM,10,1,test,test,N,1,,,,
SAAB0050,ORDER TYPE,10,01,Proto,Proto,N,1,,,,
SAAB0050,ORDER TYPE,20,02,Salesman Sample,Salesman Sample,N,1,,,,
SAAB0050,ORDER TYPE,30,03,Bulk Production,Bulk Production,N,1,,,,
SAAB0050,ORDER TYPE,40,05,Forecast,Forecast,N,1,,,,
SAAB0050,ORDER TYPE,50,04,COMMODITITY,COMMODITITY,N,1,,,,
SAAB0060,HISTORY TYPE,10,C,CANCEL,CANCEL,N,1,,,,
SAAB0060,HISTORY TYPE,20,D,DIVISION,DIVISION,N,1,,,,
SAAB0060,HISTORY TYPE,30,N,NEW,NEW,N,1,,,,
SAAB0060,HISTORY TYPE,40,O,ALIVE,ALIVE,N,1,,,,
SAAB0060,HISTORY TYPE,50,P,PENDING,PENDING,N,1,,,,
SAAB0060,HISTORY TYPE,60,U,UPDATE,UPDATE,N,1,,,,
SAAB0060,HISTORY TYPE,70,F,TO FORECAST,TO FORECAST,N,1,,,,
SAAB0070,SALE TYPE,10,01,PART(MAT) + PROCESSING,PART(MAT) + PROCESSING,Y,1,,,,
SAAB0070,SALE TYPE,20,02,PROCESSING FEE,PROCESSING FEE,N,1,,,,
SAAB0070,SALE TYPE,30,03,PART(MAT),PART(MAT),N,1,,,,
SABA0030,TAXATION TYPE,1,01,10,10,N,1,,,,
SABA0030,TAXATION TYPE,1,02,5,5,N,1,,,,
SABA0050,COLLECTION TYPE,1,1,A,,N,1,,,,
SABA0050,COLLECTION TYPE,2,2,B,,N,1,,,,
SACC0010,TAKEOUT TYPE,10,10,PRODUCTION,PRODUCTION,N,1,,,,
SACC0010,TAKEOUT TYPE,20,20,PRODUCTION SAMPLE,PRODUCTION SAMPLE,N,1,,,,
SACC0010,TAKEOUT TYPE,30,30,MERCHANDIZE,MERCHANDIZE,N,1,,,,
SACC0010,TAKEOUT TYPE,40,40,MERCHANDIZE SAMPLE,MERCHANDIZE SAMPLE,N,1,,,,
SACC0010,TAKEOUT TYPE,50,50,SUSPENCE,SUSPENCE,N,1,,,,
SACC0010,TAKEOUT TYPE,60,60,OTHER COMPANY GOODS,OTHER COMPANY GOODS,N,1,,,,
SACC0010,TAKEOUT TYPE,70,70,test,test,N,1,,,,
SACC0020,S/O HISTORY TYPE,10,C,CANCEL,CANCEL,N,1,,,,
SACC0020,S/O HISTORY TYPE,20,O,ALIVE,ALIVE,N,1,,,,
SACC0020,S/O HISTORY TYPE,30,D,DIVISION,DIVISION,N,1,,,,
SACC0020,S/O HISTORY TYPE,40,U,UPDATE,UPDATE,N,1,,,,
SACC0020,S/O HISTORY TYPE,50,N,NEW,NEW,N,1,,,,
SACC0020,S/O HISTORY TYPE,60,P,PENDING,PENDING,N,1,,,,
SACC0020,S/O HISTORY TYPE,70,F,FORECAST,FORECAST,N,1,,,,
SADN0010,SIZE TYPE,10,S,small,38,N,1,,,,
SADN0010,SIZE TYPE,20,M,medium,40,N,1,,,,
SADN0010,SIZE TYPE,30,L,large,42,N,1,,,,
SADN0010,SIZE TYPE,40,XL,extra large,44,N,1,,,,
SADN0010,SIZE TYPE,50,2XL,large 2,46,N,1,,,,
SADN0010,SIZE TYPE,60,3XL,large 3,48,N,1,,,,
SADN0010,SIZE TYPE,70,4XL,large 4,50,N,1,,,,
SADN0010,SIZE TYPE,80,52,SIZE52,52,N,1,,,,
SADN0010,SIZE TYPE,90,54,SIZE54,54,N,1,,,,
SADN0010,SIZE TYPE,100,56,SIZE56,56,N,1,,,,
SADN0010,SIZE TYPE,110,58,SIZE58,58,N,1,,,,
SADN0010,SIZE TYPE,120,60,SIZE60,60,N,1,,,,
SADN0010,SIZE TYPE,130,62,SIZE62,62,N,1,,,,
SADN0010,SIZE TYPE,140,XXS,XXS,,N,1,,,,
SADN0010,SIZE TYPE,150,XS,XS,,N,1,,,,
SADN0010,SIZE TYPE,160,20*6.2,20*6.2,,N,1,,,,
SADN0010,SIZE TYPE,170,9*3.5,9*3.5,,N,1,,,,
SADN0010,SIZE TYPE,180,11*0.8,11*0.8,,N,1,,,,
SADN0020,SEASON,10,S,Summer,,N,1,,,,
SADN0020,SEASON,20,A,Autumn,,N,1,,,,
SADN0020,SEASON,30,W,Winter,,N,1,,,,
SADN0020,SEASON,40,SP,Spring,,N,1,,,,
SADN0030,FIELD TYPE,10,TXT,Text,,Y,1,,,,
SADN0030,FIELD TYPE,20,NUM,Number,,N,1,,,,
SADN0030,FIELD TYPE,30,IMG,Image,,N,1,,,,
SADN0030,FIELD TYPE,40,DT,Date,,N,1,,,,
SADN0040,CURRENCY,10,USD,USD,,N,1,,,,
SADN0040,CURRENCY,20,VND,VND,,N,1,,,,
SADN0050,SAMPLE STATUS,10,CRT,Created,,N,1,,,,
SADN0050,SAMPLE STATUS,20,CHG,Changed,,N,1,,,,
SADN0050,SAMPLE STATUS,30,PRO,Processing,,N,1,,,,
SADN0050,SAMPLE STATUS,40,CNC,Cancel,,N,1,,,,
SADN0060,ITEM UNIT,10,PCS,Pieces,,N,1,,,,
SADN0060,ITEM UNIT,20,MTR,Meter,,N,1,,,,
SADN0060,ITEM UNIT,30,YDS,Yards,,N,1,,,,
SADN0060,ITEM UNIT,40,SET,Sets,,N,1,,,,
SADN0070,ITEM GROUP TYPE,10,FAB,Fablic,,N,1,,,,
SADN0070,ITEM GROUP TYPE,20,ACC,Accessory,,N,1,,,,
STAB0010,MODEL STATUS,10,BS,B SAMPLE1,B SAMPLE,N,1,,,,
STAB0010,MODEL STATUS,20,CS,B SAMPLE2,B SAMPLE2,N,1,,,,
STAB0010,MODEL STATUS,30,DS,B SAMPLE3,B SAMPLE3,N,1,,,,
STAB0010,MODEL STATUS,40,ES,B SAMPLE4,B SAMPLE4,N,1,,,,
STAB0010,MODEL STATUS,50,FS,B SAMPLE5,B SAMPLE5,N,1,,,,
STAB0010,MODEL STATUS,60,GP,C PROTO PRODUCTION,C PROTO PRODUCTION,N,1,,,,
STAB0010,MODEL STATUS,70,HP,D MAIN PRODUCTION,D MAIN PRODUCTION,N,1,,,,
STBO0010,SEASON,10,SP,SPRING,SPRING,N,1,,,,
STBO0010,SEASON,20,SU,SUMMER,SUMMER,N,1,,,,
STBO0010,SEASON,30,AU,AUTUMN,AUTUMN,N,1,,,,
STBO0010,SEASON,40,HO,HOLIDAY(WINTER),HOLIDAY(WINTER),N,1,,,,
SYAB0001,ERROR TYPE,10,10,Oracle error,,N,1,,,,
SYAB0001,ERROR TYPE,20,20,ADO error,,N,1,,,,
SYAB0001,ERROR TYPE,30,30,User define error,,N,1,,,,
TESTING2,TESTING3,10,17,17,,N,0,,,,
TESTING2,TESTING3,100,4,Ms.P,,N,1,,,,
TESTING2,TESTING3,110,1,Mr.C,,N,1,,,,
TESTING2,TESTING3,120,3,Mrs.N,,N,1,,,,
